,语料ID,产品名称,内容,年份
0,酒店评论-1001,茂名君悦商务酒店,干净卫生服务好,2018
1,酒店评论-1002,维也纳国际酒店(茂名电白店),环境可以，干净！,2018
2,酒店评论-1003,茂名永利之家,环境不错，房间卫生都很好，生活也很方便，就是隔音效果不理想，有时太吵。我定的优惠价，性价比很高的，是一个不错选择。,2018
3,酒店评论-1004,茂名诚荟酒店,很好.......舒服态度不错,2018
4,酒店评论-1005,茂名华景商务酒店,#卫生# #设计风格# #酒店餐饮#,2018
5,酒店评论-1006,茂名荔晶大酒店,交通方便，离父母又比较近些，所以还是选择这里,2018
6,酒店评论-1007,好莱登商务宾馆(信宜绍秀体育馆店),酒店设施不错，热水很快，中央空调效果很好，服务态度很好，每次出差都是入住这个酒店，值得大家前往入住！,2018
7,酒店评论-1008,茂名海豚酒店,酒店隔音效果很差，杯子里有茶垢，窗子只能打开一点点没啥感觉，去听听他吞吞吐吐吞吞吐吐吞吞吐吐,2018
8,酒店评论-1009,茂名荔晶大酒店,晚上11：00以后，还是很安静的，但早上5:00以后，傍边的河东市场就喧闹起来了,2018
9,酒店评论-1010,茂名海豚酒店,没有早餐，有停车场，酒店离海有点点远，很干净，不能加床，我们是国庆去的，平时去住就是120元的，国庆320元,2018
10,酒店评论-1011,茂名南越印象岭南文化主题酒店火车站店,很有格调哦，房间空间比较大，床也舒服,2018
11,酒店评论-1012,茂名南越印象岭南文化主题酒店火车站店,环境好 服务好，外卖前台给送房间。很贴心的服务哦。,2018
12,酒店评论-1013,茂名卓钰精品酒店,早餐附近很方便，加床不清楚可以直接致电酒店，酒店位置还可以，附近有吃的还有个大商场,2018
13,酒店评论-1014,化州汇嘉大酒店,前台人员随意挂断电话。大冬天的，被子不够厚，被冷到感冒。,2018
14,酒店评论-1015,茂名诚荟酒店,还可以，比七天好,2018
15,酒店评论-1016,茂名海云雁酒店,卫生环境房间都很满意，停车方便,2018
16,酒店评论-1017,茂名威利国际酒店,位置中心，吃饭方便，服务态度很好，早餐可以,2018
17,酒店评论-1018,茂名柏丽酒店,酒店环境卫生不错，服务态度很好,2018
18,酒店评论-1019,城市便捷酒店(茂名学府店),酒店位于大学附近，房间设施齐全，房间宽敞明亮，干净整洁，早餐丰盛，饭菜美味可口，酒店工作人员服务态度非常好，,2018
19,酒店评论-1020,茂名南越印象岭南文化主题酒店火车站店,性价比超高，服务也很好，地段优越，离茂名石化办公楼很近,2018
20,酒店评论-1021,城市便捷酒店(茂名学府店),性价比较高，还是想去的。,2018
21,酒店评论-1022,茂名观海楼假日酒店,非常美好的一次出行，酒店环境优美，服务热情，早餐赞  族行好去处，下次有机会还会再来,2018
22,酒店评论-1023,茂名永利之家,房间太小了，空调还漏水，唉:-(,2018
23,酒店评论-1024,茂名国际大酒店,早餐还可以，不太适合我的口味，加不了床，双床是1.3米的很宽了，跟孩子睡没问题，酒店位置市中心，购物吃饭很方便，还能免费停车。,2018
24,酒店评论-1025,茂名海豚酒店,周边环境比较乱，离中国第一滩有七八百米远。服务人员也不是很热情。设施一般，比较陈旧。其实可选离海滩更近的位置更好的酒店。,2018
25,酒店评论-1026,尚客优连锁酒店(茂名高铁火车站店),已经是第二次入住茂名这家酒店了，感觉和上次一样，基本保持了原来的服务水平，不错。酒店位置在闹市区附近，有自己的地下停车场。,2018
26,酒店评论-1027,茂名红金鼎商务宾馆,很不错的酒店，环境不错，很安静，关键是服务态度很好，出门过了天桥过去就是茂名中心广场，还可以去休闲娱乐,2018
27,酒店评论-1028,维也纳国际酒店(茂名高铁火车站店),這次出行全部選擇維也納酒店，這個品牌的酒店真的很好，設施很好很新，雖然是全國連鎖酒店，但品質真的很好！也很安靜，沒有嘈雜聲，住的也很舒服，枕頭床舖都很適合人體工學！早餐也很給力！窗戶可以打開一點來通風！唯一不足的是酒店沒有區分吸煙房和無菸房，房間煙味太大了，雖然已經開了窗戶通風,2018
28,酒店评论-1029,卓越酒店(茂名万达广场店),性价比不错,2018
29,酒店评论-1030,茂名好来登商务酒店,性价比高，位置还好找，干净卫生,2018
30,酒店评论-1031,茂名观海楼假日酒店,酒店开窗即可见大海，下楼几步就是中国第一滩，停车方便，周边海鲜大排档很多，价格相对实惠便宜，品种丰富，适合休闲度假,2019
31,酒店评论-1032,52连锁酒店(化州店),酒店装饰很温馨，店员也很热情，位置正市中心，方便快捷，遇到一些小事故，店员配合很好，性价比很高的酒店,2019
32,酒店评论-1033,轻住悦享酒店(茂名高铁南站店),酒店设施一般，卫生干净，酒店位置出入停车方便,2019
33,酒店评论-1034,卓越酒店(茂名万达广场店),开开心心回家喝,2019
34,酒店评论-1035,茂名熹龙国际大酒店,茂名熹龙国际酒店地理位置不错就在人民广场附近，交通便利茂名高铁站步行11分钟左右，酒店装修典雅环境舒适前台服务不错入住办理快捷，房间空间较大装修豪华，洗漱用品不错，隔音效果不错安静，早餐味道不错品种较少，价格比较实惠，性价比不错,2019
35,酒店评论-1036,维也纳国际酒店(茂名万达广场店),强烈推荐！不错的酒店,2019
36,酒店评论-1037,城市便捷酒店(茂名学府店),石油化工学校隔壁，我觉得挺不错的，房间不会特别小，就是靠近公路边可能会有点吵，其他没什么问题，体验感还是相当好的,2019
37,酒店评论-1038,茂名柏丽酒店,环境不错，也很卫生，睡得比较舒服,2019
38,酒店评论-1039,茂名柏丽酒店,还行吧，整体不错，房间很干净，环境好，性价比可以的，被子也很蓬松，卫生好……推荐入住……地理位置好。,2019
39,酒店评论-1040,卓越酒店(茂名万达广场店),物美价廉！,2019
40,酒店评论-1041,卓越酒店(茂名万达广场店),环境好，安静，设备也OK,2019
41,酒店评论-1042,茂名文汇酒店,房间宽大干净卫生，地处市中心但夜里休息十分安静，自助早餐近二十个品种够丰富，在消毒车备用的餐具还带有余温，卫生彻底放心，服务热情还送了水果，200元左右性价比超高！值得再过入住和推荐。,2019
42,酒店评论-1043,茂名南越印象岭南文化主题酒店火车站店,非常好，满意！卫生干净，被子，毛巾等都放心使用，床也舒适柔软，隔音也好哦，连续入穿还有小吃，贴心，第二次入住了。入住回头率百分百哈,2019
43,酒店评论-1044,茂名卓钰精品酒店,高大上，舒服。,2019
44,酒店评论-1045,城市便捷酒店(茂名学府店),酒店附近吃饭的餐厅多菜品很不错，早餐也很丰富，品种较多，味道也挺不错的。酒店的位置非常好，出行十分方便，酒店还可以代叫出租车，周围有公交车站。,2019
45,酒店评论-1046,52连锁酒店(化州店),各方面都不错。02服务员的态度真心不错。,2019
46,酒店评论-1047,茂名大龙湾酒店,酒店门口和景区门口相遥可见，忘记拍照片了，酒店的设施蛮齐全的，老板人特别好。满星好评。,2019
47,酒店评论-1048,茂名威利国际酒店,酒店位置很好，离茂名站以及人民广场都很近。周边餐饮很多，很方便。住在不临街的一面，很安静。早餐品种不算多，但有当地特色。房间饮品稍简单，酒店服务还是很好。,2019
48,酒店评论-1049,茂名华燕宾馆,酒店地处繁华地段，有地下停车场，房间很宽敞，干净卫生，免费早餐也不错，唯一的不足之处是电梯经常处于维修状态无法使用，有大件行李的话请慎重考虑！,2019
49,酒店评论-1050,52连锁酒店(化州店),已经是老顾客了，每一次都不让我失望，服务很热情，最喜欢房间的布置了，价格也实惠，祝老板生意兴隆。,2019
50,酒店评论-1051,维也纳3好酒店(茂名沿江大厦店),酒店干净卫生，服务规范热情，设施也较齐备好用，特别提出的是服务很热情周到，提出称赞的是酒店保安人员特别细心认真，我的车才停下不久一位性李的保安就发现我的车有漏机油现象，很快就通知了我，使得能很快得以维修，避免了车在路上出大的麻烦，也让我们特别感动，在此特别感谢茂名市维纳斯3好酒店的所有服务人员！谢谢！,2019
51,酒店评论-1052,城市便捷酒店(茂名学府店),服务态度非常好，环境非常好，赞,2019
52,酒店评论-1053,化州汇嘉大酒店,还不错，房间大，就是自己不习惯酒店的暗黄灯光，一切都好。,2019
53,酒店评论-1054,茂名华燕宾馆,早餐还不错，吃得饱。只是拉窗帘要注意，下面那个布那里是不是靠着杯子，不注意一拉，杯子就掉了，就要赔钱了！！里面啥啥都要钱，看清楚在使用！,2019
54,酒店评论-1055,精途酒店(茂名高铁火车站店),早餐还可以，旁边有条火车轨道，虽然深夜没火车但是白天到夜晚偶尔会有火车经过,2019
55,酒店评论-1056,维也纳国际酒店(茂名高铁火车站店),定双人房，前台接待看见抱孩子就给免费升级亲子房，前台人员态度很好，有亲和力，是培训过的专业人士。房间设施不错，下次经过茂名还会去。,2019
56,酒店评论-1057,茂名荔晶大酒店,早餐不错，吃得蛮好，9:30去吃，午饭都可以省了,2019
57,酒店评论-1058,茂名柏丽酒店,酒店设施好，性价比高，只是在修路，找的麻烦点。,2019
58,酒店评论-1059,茂名诚荟酒店,环境不错的,2019
59,酒店评论-1060,维也纳国际酒店(茂名电白店),环境不错，挺干净卫生的，客服也热情，很舒适 早餐是赠送的，还不错,2019
60,酒店评论-1061,维也纳国际酒店(茂名电白店),家乡的一家酒店，各方面都较维也纳的品牌品质，满意！二楼中餐是卡座的，如果是中式圆桌就好了。停车场是该酒店的亮点，这价格开心,2019
61,酒店评论-1062,卓越酒店(茂名万达广场店),水东唯一现代装修风格漂亮的酒店,2019
62,酒店评论-1063,茂名国际大酒店,我们带着两个孩子入住的，熊孩子到了酒店很兴奋，把房间弄的很乱，晚上出去吃饭回来的时候，意外的是房间收拾的很干净，还贴心的给我们留了开水，特别感动！房间的热水很快也够颈！自助早餐也意外的没收孩子的餐费，自助餐也蛮丰富的。酒店位于市中心，交通便利，购物和孩子游玩也挺方便！是一次满意愉悦的旅行！,2019
63,酒店评论-1064,茂名国际大酒店,差差差，除了工作人员服务5星，最多3星。酒店啥都要钱 ，泳池水都没有，没有健身房，行政房洗澡漏水。难以吐槽,2019
64,酒店评论-1065,茂名万达广场雅斯特国际酒店,还好。比较舒适。交通方便！,2019
65,酒店评论-1066,维也纳国际酒店(茂名高铁火车站店),酒店不错，干净，装修也比较新，其豪华程度可以看看这大堂！房间比较大，尤其是3人间，亲子游，性价比很高！早餐是送的，品种繁多，味道不错！房间,2019
66,酒店评论-1067,茂名华燕宾馆,一开始房间烟味很重，跟前台说后马上换了无烟房，酒店比较正规，还不错,2019
67,酒店评论-1068,茂名观海楼假日酒店,房间没问题，就是整个五楼都没有网络，房间也特别大，住着舒服。,2019
68,酒店评论-1069,茂名观海楼假日酒店,有停车场，离海特别近，就是早餐太简单了，包子馒头咸菜，屋里很潮，隔音效果特别差，,2019
69,酒店评论-1070,茂名国际大酒店,房间整洁、窗户采光都非常棒，向酒店提出的衣服烘干要求，服务员也非常乐意，面带笑容，服务质量不错。我比较喜欢花草，空中花园质量不高，植株管理不是很好，自带双人早餐选择好丰富，满足我胃口，总体不错。,2019
70,酒店评论-1071,华海酒店(茂名高铁站店),早餐还可以，所以没给最低分。订房时没有注意酒店的五楼六楼是KTV！真的吵死了，躺在床上共振，一直吵到深夜一点半，和服务台通话，并告知要打110。后来终于睡着了不敢在去了,2019
71,酒店评论-1072,茂名观海楼假日酒店,很不爽的是，定的海景套房？来的居然只能一个窗角看到的海，是我理解错了吗？其他设备都一般,2019
72,酒店评论-1073,星悦酒店(茂名文化广场店),有停车场，位置不错，周边购物饮食方便。但是床头没有电源插座！酒店说不给，还一本正经地说是考虑安全！然后叫客户自己出去买排插,2019
73,酒店评论-1074,茂名海豚酒店,物超所值，位置好，停车方便且免费，服务态度好，热水足，WiFi信号强。附近餐厅多，价格公道。到海边仅几百米。,2019
74,酒店评论-1075,茂名国际大酒店,已经几次入住茂名国际酒店，这次前台免费帮我们升级行政豪华房，房间超大，很不错。九点去吃早餐，感觉品种比以前少了，没有以前那么丰富了。但酒店的地理位置很优越，停车也很方便。,2019
75,酒店评论-1076,维也纳国际酒店(茂名万达广场店),非常不错，房间超大，各种设施齐全，卫生间和床铺都很干净，早餐也不错，值得推荐。下次来茂名还住这家酒店。,2019
76,酒店评论-1077,茂名南越印象岭南文化主题酒店火车站店,很满意，各方面都没什么好挑剔的。位置好，设施新，智能马桶，设计好，早餐品种不多但味道好。周边也很方便。,2019
77,酒店评论-1078,茂名国际大酒店,酒店在市中心，位置非常好。停车也方便，停车场地方多啊。早餐很丰盛，食物样式很丰富，尤其是面点，做得很用心很精致，味道也超好，小朋友非常喜欢。 建议开设多床的亲子房，像我这样带两个6、7岁的小朋友就有点尴尬，开双床房拼床都不够地方睡。,2019
78,酒店评论-1079,Q加·茂名大喜假日酒店,设备齐全，酒店环境好，非常喜欢,2019
79,酒店评论-1080,维也纳国际酒店(茂名万达广场店),有地下停车场。酒店就在路边。好在车不多 噪音不大。早餐需要給好评才有 这一点儿不太好。。酒店离正在建的万达比较远。离中心区也比较远。虽然是行政房 但在装饰装修方面 档次和品味不高 房间价格偏高。,2019
80,酒店评论-1081,城市便捷酒店(茂名学府店),一般般，性价比还可以。房间很小。不过比较卫生。出差商务可以考虑。,2019
81,酒店评论-1082,茂名卓钰精品酒店,洗手间异味很重，要求换房，却推辞说没房…,2019
82,酒店评论-1083,茂名观海楼假日酒店,第一滩唯一最好的酒店，预订的海景房，阳台上直接看海，玲听大海声音。沙滩是见过的最大的沙滩。以后夏天在去。,2019
83,酒店评论-1084,茂名宏悦大酒店,整体感觉非常好，性价比超高,2019
84,酒店评论-1085,化州汇嘉大酒店,没有地方洗衣服，没有洗衣液。,2019
85,酒店评论-1086,茂名永利之家,感觉还是不错的，价格还算合理，环境比较安静，有上网的电视，空调，热水器这些都有，也有凉衣服的地方，总体来说还是不错的！,2019
86,酒店评论-1087,茂名柏丽酒店,不能加床，环境还是挺好的，楼下还有一间一茶一点，可以去喝茶，还有一家药店在附近，非常之方便，非常的好，值得奖励,2019
87,酒店评论-1088,Q加·茂名大喜假日酒店,住了这么多年酒店，第一次给差评，实在是受不了！在水东160多的房价，就这设备，门锁是坏的，出一次门回来要开20分钟，设备老久，我从来都没给过差评，本来也就忍了，早上刷牙发现牙刷，什么的都没有，最搞笑的房间里的电话你是不能拨打给前台的，哈哈真牛，我穿条裤衩从7楼跑下1楼找你要是吗？,2019
88,酒店评论-1089,唐华商务酒店(茂名高铁火车站店),感觉还算可以吧！,2019
89,酒店评论-1090,卓越酒店(茂名万达广场店),nice 可以,2019
90,酒店评论-1091,Q加·茂名大喜假日酒店,服务态度好，酒店设施好，环境好。,2019
91,酒店评论-1092,化州铭丰假日酒店,位置比较好的，就是床硬了点,2019
92,酒店评论-1093,维也纳国际酒店(茂名万达广场店),环境不错往着也舒服，出差不错的选择好,2019
93,酒店评论-1094,城市便捷酒店(茂名学府店),酒店位置比邻油校和大超市，购物和逛校园重温大学时光都超级好,2019
94,酒店评论-1095,维也纳国际酒店(茂名万达广场店),环境可以 ，床真的好软\()/服务真的周到。哈哈哈，是第二次出差入住了，再来出差宿考虑再次入住。,2019
95,酒店评论-1096,维也纳国际酒店(茂名万达广场店),很安静，性价比高。岀差的不二选择，周围交通也很方便！,2019
96,酒店评论-1097,精途酒店(茂名高铁火车站店),还不错啊！,2019
97,酒店评论-1098,维也纳国际酒店(茂名万达广场店),地下有免费停车场，很方便，很舒适，很安静。,2019
98,酒店评论-1099,维也纳国际酒店(茂名万达广场店),酒店还很新，第二次入住了。早餐比较简单，但足够吃饱。平时入住性价比还是比较高的。周围很多大排档。。。,2019
99,酒店评论-1100,维也纳国际酒店(茂名万达广场店),该酒店很不错，房间比较大，舒适时尚，可以选择。,2019
100,酒店评论-1101,Q加·茂名大喜假日酒店,房间较大不过灯光不是很足，没有早餐，周边吃的很多，楼下有超市，有地方停车，网络不是很好，性价比还行。,2019
101,酒店评论-1102,茂名南越印象岭南文化主题酒店火车站店,酒店还是一如既往的温馨，前台服务人员很热情，友好，更像家人一样，记得那天晚饭酒喝多了，经过前台，前台的妹子大概也认出我了，问我是否需要蜂蜜水解酒，我说有的话就最好，我还寻思着去哪里找一点解酒的东西，无形是雪中送炭了，回到房间刚关好房门，服务很迅速，蜂蜜水马上就来了，非常感动。洞察力太好了，非常人性化，起码在其他酒店是从来没有体验过的服务，前台的管理水平太好了，这里像家一样好。,2019
102,酒店评论-1103,茂名诚荟酒店,隔音很差，卫生还是可以的,2019
103,酒店评论-1104,维也纳3好酒店(茂名沿江大厦店),前台服务亲切，给升级了套房，可以正面观赏喷泉。 睡眠环境安静，大床柔软舒适。 前台还额外赠送了早餐，品种不是特别多，但是也足够了。 一次愉快的入住体验。,2019
104,酒店评论-1105,城市便捷酒店(茂名学府店),环境优美，地理位置好，交通方便，房间舒适卫生，服务人员很热情，乐于提供各种帮助，早餐丰富。设施很人性化，网络高速信号好，窗外风景好。有特别的开床服务，房间小摆件的设计也很有特色。性价比不错，下次还要入住,2019
105,酒店评论-1106,茂名南越印象岭南文化主题酒店火车站店,很有特色的一家酒店，设计和摆设都是南越文明风格，进入酒店大堂就有一股幽香，古老物品的陈设很有亲切感，里面就是樊登书会，在大堂的沙发上就能随手拿到一本书阅读，文化气息很浓厚，房间用品的配备和摆设都很用心细致，性价比不错，干净安全，位置在繁华路段，但房间里面也很安静，对面就是文化广场，周边吃饭娱乐都很方便，很适合休息度假。,2019
106,酒店评论-1107,维也纳国际酒店(茂名万达广场店),早餐要7:30开始，我们赶路没有来得及吃，停车非常方便。,2019
107,酒店评论-1108,茂名华燕宾馆,简直惊喜，百元可以住到豪华房，房间干净宽敞明亮，装饰配色也很喜欢，一打开门心情都变好了，还包早餐，是我住过性价比最高的了,2019
108,酒店评论-1109,维也纳国际酒店(茂名万达广场店),酒店环境很舒适，房间的舒适度也很高，服务态度非常好，总体感觉都不错！以后出差过来的话就订这了，棒棒哒！,2019
109,酒店评论-1110,茂名海云雁酒店,酒店有停车场，酒店附近有个海滩，可以带孩子一起玩，家庭出游，朋友出游都特别赞！ 酒店附近也有很多餐厅，可以吃海鲜，性价比也还可以。,2019
110,酒店评论-1111,茂名卓钰精品酒店,中规中矩，还算可以。但附近超多吃的，,2019
111,酒店评论-1112,茂名国际大酒店,酒店地理位置优越，出行方便，服务周到，前台服务小妹推荐的附近歺厅非常好吃。自驾有免费停车场。早岁比较丰富。,2019
112,酒店评论-1113,茂名国际大酒店,位于茂名市中心区，广百百货楼上，周边环境好，吃饭逛街都十分方便。房间宽敞舒适，床品、拖鞋舒适感佳，冲凉热水出水量大。服务态度一流，前台帅哥见我们第一次入住还带着个大小孩，主动帮忙升级了房型；大堂有专人服务，递茶水、按电梯，服务很到位！非常好的入住体验，必须狠狠地赞！,2019
113,酒店评论-1114,茂名诚荟酒店,这是第四次入住吧，价格便宜又干净卫生,2019
114,酒店评论-1115,茂名熹龙国际大酒店,环境不错，下楼就是人民广场。房间内布置也很好，服务态度超级棒，交通非常便利，5星好评，下次还来住。,2019
115,酒店评论-1116,茂名温德姆至尊酒店,离高铁站八九分钟车程，旁边是商业中心，吃饭看电影很方便。免费升到行政房，房间很大，还可以泡个养生澡，很新的酒店，前台服务人员专业热情，颜值高。,2019
116,酒店评论-1117,茂名荔晶大酒店,位置优越，在市区中心，交通方便,2019
117,酒店评论-1118,城市便捷酒店(茂名学府店),挺棒的，卫生不错，东西挺齐全的，而且隔音效果不错,2019
118,酒店评论-1119,维也纳国际酒店(茂名电白店),都挺好的.。床和枕头都是很舒服的。乳胶床垫。和荞麦枕乳胶枕。感觉很不错。但是行政房跟豪华房差不多。就是浴室大一点。性价比不错。早餐丰富。是本地人的早餐。前台接待服务也比较周到。外面就是酒吧一条街。适合旅游和回家探亲。下次还会再来的。。,2019
119,酒店评论-1120,茂名南越印象岭南文化主题酒店火车站店,环境特别好，服务也很好，卫生挺好的，附近有24小时便利店，旁边有小吃街等等，交通也方便快捷,2019
120,酒店评论-1121,城市便捷酒店(茂名学府店),一进房间就有股味道，住的那两天下雨，略湿，房间不大，离学校很近是唯一的优点,2019
121,酒店评论-1122,维也纳国际酒店(茂名高铁火车站店),位置好，停车方便，早餐也不错，性价比比较高！位置好，停车方便，早餐也不错，性价比比较高！卫生也比较干净！,2019
122,酒店评论-1123,茂名荔晶大酒店,酒店位置很不错，旁边是河东市场，二楼有购物中心，买点小吃水果很方便,2019
123,酒店评论-1124,茂名国际大酒店,春节帮同事预定的，很满意，周边环境好，吃饭逛逛都挺好，大堂有专人服务，服务很周末，非常好的入住体验。挺好。,2019
124,酒店评论-1125,茂名海豚酒店,环境好然后老板服务态度也好，物美价廉,2019
125,酒店评论-1126,茂名好来登商务酒店,卫生方便性价比很好，房间大,2019
126,酒店评论-1127,茂名南越印象岭南文化主题酒店火车站店,交通便利，停车方便，饮食有特色，行街有地方，干净又整洁，设施很舒适，住得很满意。,2019
127,酒店评论-1128,如家酒店·neo(茂名高铁火车站店),交通方便，离车站也很近,2019
128,酒店评论-1129,茂名国际大酒店,看网评选择的这家酒店，真心觉得不错！虽然设备不算新，但保养很干净，前台工作人员很热情。值得推荐！！,2019
129,酒店评论-1130,维也纳国际酒店(茂名万达广场店),非常好的一个酒店，大堂给人感觉很温馨，很温暖，前台服务员也很亲切，房间的设施设备在电白来说相对是非常好的，酒店对面就是一个汽车站，坐车还挺方便的，吃饭的话，酒店旁边还有个海鲜城可以吃饭，早餐很给力，菜品有十多种，问有没有早餐，他们前台人员都会给我们赠送，在这里找到了家一样的感觉，我们需要晾衣服，放在房子里面怕不干，然后通知了前台，前台又帮我们解决帮我们拿出去晾，性价比很高的一个酒店，推荐！！,2019
130,酒店评论-1131,茂名柏丽酒店,酒店早餐和周边早餐都挺方便,2019
131,酒店评论-1132,茂名万达广场雅斯特国际酒店,房价不包含早餐，可以到二楼吃早茶。,2019
132,酒店评论-1133,城市便捷酒店(茂名学府店),酒店地理位置不错，离汽车站火车站都挺近的,2019
133,酒店评论-1134,城市便捷酒店(茂名学府店),酒店位置很棒，房间很不错挺干净的，总体感觉很棒哈哈哈,2019
134,酒店评论-1135,茂名海豚酒店,环境挺好的，服务态度不错,2019
135,酒店评论-1136,茂名国际大酒店,地理位置城区中心，环境干净舒适。早餐广东口味，不错！停车场方便，车位多。房间有果盘送，很贴心。前台办入住时有茶水送。,2019
136,酒店评论-1137,维也纳国际酒店(茂名万达广场店),茂名出差，看着也不远，就直接过来了，酒店很新，前台接待免费升级行政房。比茂名便宜很多，送了免费早餐，推荐！,2019
137,酒店评论-1138,维也纳国际酒店(茂名万达广场店),酒店环境可以，万达还没有开，周边有吃饭的地方，打车也很方便。有停车场，很适合自驾的朋友。楼下有足疗，没有尝试。,2019
138,酒店评论-1139,维也纳3好酒店(茂名沿江大厦店),酒店位置不错，在房间就可以看到江心的音乐喷泉，还是很震撼的。出行也方便，只是周边没有大型超市，小吃店也不是很多。,2019
139,酒店评论-1140,茂名途遇精品酒店,还不错，房间挺精致的,2019
140,酒店评论-1141,茂名零六六八公寓,有点远，买东西不方便,2019
141,酒店评论-1142,Q加·茂名大喜假日酒店,干净卫生，优雅舒适！,2019
142,酒店评论-1143,维也纳国际酒店(茂名万达广场店),房间很宽，床单被套都很新，洗手间也很干净，住得很舒服，服务员的服务态度也不错，物超所值，下次出游还会选维也纳酒店,2019
143,酒店评论-1144,城市便捷酒店(茂名学府店),还可以就是不能选房间,2019
144,酒店评论-1145,茂名华燕宾馆,酒店干净，设施齐全，位置中心，赞,2019
145,酒店评论-1146,维也纳国际酒店(茂名万达广场店),早餐的品种少了点，但能吃饱，服务员的态度不错，房间干净，卫生做的也很干净，前台的工作人员也挺热情，到了每一个城市，我都选择入住维也纳酒店。,2019
146,酒店评论-1147,茂名栈泉酒店,卫生打扫的非常干净热情服务效率高,2019
147,酒店评论-1148,城市便捷酒店(茂名学府店),离学校近，出差，环境可以,2019
148,酒店评论-1149,茂名国际大酒店,酒店的早餐不错，中西合璧，房间比较大，就是位于市中心，老牌五星酒店，中规中矩，服务好，有自己的停车场停车方便。,2019
149,酒店评论-1150,茂名国际大酒店,我们去海边玩，路过茂名市区，超级大的房间。干净卫生，值得推荐。,2019
150,酒店评论-1151,尚客优连锁酒店(茂名高铁火车站店),环境很好，干净卫生，因为特惠房没有了大床，只有双床，服务员还送了我一张早餐卷,2019
151,酒店评论-1152,维也纳国际酒店(茂名万达广场店),可以说是体验非常好了，房间很大，也没有异味，前台小姐姐人漂亮态度也非常的好，离酒店不远有个电海中学，学校后门那里有条小吃街，炒鸡多好吃的，下次还去那边游玩的话估计我还是会选择这家。,2019
152,酒店评论-1153,茂名观海楼假日酒店,定的是海景房，位置超赞的，一出阳台就能看见无敌海景，感受海风拂面，而且价格也很实惠，有可能是旅游淡季的原因吧。,2019
153,酒店评论-1154,城市便捷酒店(茂名学府店),早上隔壁小孩太吵了，扰人清梦。隔音效果不是挺好。电视差评，里面能完整播放的电影不多，电视没有VIP。,2019
154,酒店评论-1155,茂名海豚酒店,第一滩的水挺清的，沙子也细，美中不足就是垃圾清理不及时，塑料袋很多。如果茂名可以组织一些清理垃圾保护海滩的活动就好了,2019
155,酒店评论-1156,维也纳国际酒店(茂名万达广场店),地理位置方便，酒店很新设施齐全,2019
156,酒店评论-1157,维也纳国际酒店(茂名高铁火车站店),酒店位置在市中心地带，汽车客运站、动车站近在咫尺，交通出行很方便，房间环境舒适，整洁干净，早餐品种多，下次还选择维也纳酒店。,2019
157,酒店评论-1158,茂名国际大酒店,第一次入住，服务出乎意料地好。在前台办理入住等候的时候，大堂服务员会拿茶过来。入住后，因为房间临街晚间施工，打电话询问前台会施工到几点，其实道路施工不是酒店的问题，但酒店直接升级了套房并安排了面向停车场一侧的房间，晚上就比较安静。另外套房有功夫茶具，茶叶另外收费，作为广东人试了其中一款，茶叶价格挺合理的。早餐还有粤西特色的捞粉。要说有什么需要改进的就是我房间床头一排的插座都坏了，酒店可能没有检查，入住期间手机都放在了洗手间充电。整体瑕不掩瑜，以后去茂名就住这家了。,2019
158,酒店评论-1159,茂名荔晶大酒店,价格挺优惠了，房间面积够大，位置属于中心区域，有配套停车场，早餐不算太丰盛，也足够满足要求，下次还会选择这里。,2019
159,酒店评论-1160,维也纳国际酒店(茂名高铁火车站店),商务出差，要在茂名站附近住宿的话，这里算不错，一是环境与卫生还不错，关键是厕所够干净，然后没有异味，二是过去茂名站也很方便，楼下有影城、好吃哒还有便利店，不需要走很远,2019
160,酒店评论-1161,茂名海云雁酒店,总体可以 干净 性价比很合理 海边的酒店 不错了，就是房间的冲凉的水时冷时热难以调教 不知道为什么。,2019
161,酒店评论-1162,茂名红金鼎商务宾馆,还行，性价比高。。。。。。,2019
162,酒店评论-1163,茂名南越印象岭南文化主题酒店火车站店,不错的酒店，装修风格很有特色。地处茂名市中心周边饮食很方便。,2019
163,酒店评论-1164,茂名国际大酒店,1：晚上七点多到店，前台一个女服务员先开了859房.刚准备接房卡，旁边一个男的（可能是领班吧）不知想什么叫开房的服务员收回，该女前台说859房马桶坏了，换826房吧，看到我不开心，这个男的服务员过来解释，说859的镜灯坏了，所以换房灬可笑不，今后麻烦你们二人统一口径，这样让客人也舒服点！上了楼，问一下楼层的服务员，说859房大点安静点灬真无滘！ 2：卫生间淋浴房竞然墙上有头发，见图片灬大倒胃口,2019
164,酒店评论-1165,茂名名晟宾馆,酒店附近吃饭的餐厅多菜品很不错，早餐也很丰富，品种较多，味道也挺不错的。酒店的位置非常好，出行十分方便，酒店还可以代叫出租车，周围有公交车站。,2019
165,酒店评论-1166,茂名柏丽酒店,周边环境很棒，不吵闹，房间超级大，卫生也做得很好，前台接待人员态度很好，也有耐心。下次住酒店还会来。,2019
166,酒店评论-1167,茂名华燕宾馆,服务五星，还有早餐吃。,2019
167,酒店评论-1168,茂名观海楼假日酒店,酒店环境好，在海边，免费停车能省30元！ 房间质量还好，价格低。值得入手。听海房在2楼，有树档住，不能看海。值得再订。,2019
168,酒店评论-1169,维也纳国际酒店(茂名万达广场店),必须好评！很新的酒店，房间很大，床品也很舒服！最想给好评的是酒店的员工！退房后几个小时才想起来结婚的钻戒忘记拿了，赶紧打电话前台，打扫卫生的阿姨拾金不昧！非常感谢！戒指的价值不论，最主要的是这个戒指对于我的意义！真的非常感谢！以后还会选择订此品牌的酒店，第一次印象太好了！请贵酒店一定表彰下这位拾金不昧的阿姨！,2019
169,酒店评论-1170,维也纳国际酒店(茂名万达广场店),卫生整洁，房间舒适，早餐丰富。,2019
170,酒店评论-1171,精途酒店(茂名高铁火车站店),每次出差基本都要找下有无精途酒店，比7天好多，干净卫生,2019
171,酒店评论-1172,精途酒店(茂名高铁火车站店),已经是第三次去住了，酒店的价格很实惠，离市中心也很近，房间里面的卫生也很好很干净，设施也很齐全，很推荐这家酒店！,2019
172,酒店评论-1173,茂名华燕宾馆,酒店提供免费早餐 自助洗衣 停车 很好。,2019
173,酒店评论-1174,茂名荔晶大酒店,非常不错，价钱优惠，环境干净！！！,2019
174,酒店评论-1175,茂名国际大酒店,干净整洁，硬件设施不错，服务周到！安静，舒适，超大床很舒服，办公也方便！早茶时间人气挺旺的，餐厅工作人员都很奈斯！以后来茂名，国际是首选！,2019
175,酒店评论-1176,维也纳国际酒店(茂名高铁火车站店),有早餐，非常丰富，酒店位置好，停车方便，夜晚饮茶也非常方便，就在隔壁。服务员服务态度超好，是第二次住该酒店，每次都三天以上。,2019
176,酒店评论-1177,维也纳国际酒店(茂名高铁火车站店),离茂名火车站很近，酒店环境很好，整洁干净卫生，原本在同程上定的标间，因为他们酒店三楼是影院，标间在4楼，到酒店后前台免费升级到商务房，并送早餐，服务态度很好，值得推荐！,2019
177,酒店评论-1178,城市便捷酒店(茂名学府店),设施挺齐全的，就是隔音不是特别好,2019
178,酒店评论-1179,茂名海豚酒店,环境非常干净！楼下步行几步就是小吃街，15元1份的海鲜粥很鲜美。我们订得是双人房，床够大，一张床可睡2个女生。卫生间也很干净,2019
179,酒店评论-1180,城市便捷酒店(茂名学府店),挺好的，工作人员态度很好，房间干净卫生，交通方便，近学校。挺好的，工作人员态度很好，房间干净卫生，交通方便，近学校。,2019
180,酒店评论-1181,茂名途遇精品酒店,地理位置还可以咯，交通方便，房间舒适卫生，服务人员很热情，乐于提供各种帮助，茂名来讲还过得去,2019
181,酒店评论-1182,茂名国际大酒店,就是停车场没人指挥车辆出入不好,2019
182,酒店评论-1183,维也纳国际酒店(茂名万达广场店),每次出外都会首选维也纳酒店，这次一共订了三间房间，朋友们都说房间干净整洁，床舒服，枕头刚刚好，也很安静！一觉就睡到天亮了。,2019
183,酒店评论-1184,维也纳国际酒店(茂名高铁火车站店),环境卫生，交通方便，服务态度，很好。 早餐非常丰富多彩。 房间面积比较大，舒服。 水龙头冷热水流量很大。,2019
184,酒店评论-1185,卓越酒店(茂名万达广场店),时代姐妹都匀,2019
185,酒店评论-1186,精途酒店(茂名高铁火车站店),真的挺好的，又新，东西又好吃，服务态度又好，加油,2019
186,酒店评论-1187,茂名金沙商务酒店,服务态度好,2019
187,酒店评论-1188,茂名海豚酒店,房间空间挺大，卫生舒适，隔音不错，价格合理，网络速度也很快。不足之处在于，酒店位置离一滩步行稍微有点距离，在前台开房时服务员也是搞了好久...,2019
188,酒店评论-1189,维也纳国际酒店(茂名万达广场店),早餐不错，适合带上孩子，停车方便！,2019
189,酒店评论-1190,茂名御景国际大酒店,首先早餐品种比较少，但相比海景湾来说好太多，起码有现煮汤粉。其次，房间比较干净，但是房间空调由于是中央空调，天气那么热我觉得不够凉快，还有房间是落地玻璃窗，有带小孩子的要注意安全，因为没有防护栏。还有一个值得吐槽的就是停车场，酒店的地下停车场比较隐蔽，经常找错旁边的饭店的入口上去后比较尴尬，其他的相比水东的酒店来说都不错啦,2019
190,酒店评论-1191,茂名观海楼假日酒店,床:不能加 早餐:超简单，只有包子、咸菜、粉面、粥 停车问题:很多车位 房间:还不错，但是床单会有沙子感，不懂是不是我敏感。 亲子游比较好，下楼就是沙滩吃饭的话，楼下有一家，一般，海鲜不够新鲜,2019
191,酒店评论-1192,茂名名晟宾馆,环境卫生很好，服务态度也非常好！,2019
192,酒店评论-1193,维也纳国际酒店(茂名高铁火车站店),酒店大堂欧式风格，挺好看的。前台服务特别好，真的是淑女般亲切。我说他们的笔很好用就送了我一支笔。看到我们带小朋友过来，额外赠送了两张早餐券。问了小姐姐工作牌号，居然忘记了，很抱歉。早餐品种不多，但是味道不错。还可以免费停车。五分。推荐哦,2019
193,酒店评论-1194,茂名国际大酒店,端午节父母出去茂名旅游，帮他们订的酒店。离广百近，商业氛围好，购物方便，到处逛逛也可以。总体上满意啦,2019
194,酒店评论-1195,城市便捷酒店(茂名学府店),环境不错的,2019
195,酒店评论-1196,Q加·茂名大喜假日酒店,睡得好床也舒服适合情侣住,2019
196,酒店评论-1197,茂名诚荟酒店,房子小，床偏小了,2019
197,酒店评论-1198,茂名海豚酒店,干净卫生，安静，离沙滩很近，服务好,2019
198,酒店评论-1199,维也纳国际酒店(茂名万达广场店),环境不错，服务态度很好。,2019
199,酒店评论-1200,茂名南越印象岭南文化主题酒店火车站店,酒店岭南文化浓郁，各种设计人性化，贴心，早餐丰富美味，周边的岭南文化街很热闹，吃喝玩乐老少皆宜，地理位置很好！,2019
200,酒店评论-1201,茂名途遇精品酒店,位置不错的，房间卫生很好，前台小哥服务态度很棒，还帮我提行李，告诉我哪里有好玩的地方，有好吃的，第一次来茂名感觉这里人很和谐，很热情。下次我还会再来的。,2019
201,酒店评论-1202,茂名途遇精品酒店,酒店服务周到，环境、卫生都是比较可以的,2019
202,酒店评论-1203,茂名海豚酒店,离中国第一滩非常近，只有二楼是宾馆，隔音不太好，但是因为就这个价格也不能要求太多了。附近吃的不少，价格不知道，没吃。,2019
203,酒店评论-1204,城市便捷酒店(茂名学府店),我去每个城市落脚都是找城市便捷住的，习惯,2019
204,酒店评论-1205,茂名海豚酒店,没有早餐，两张双人床很适合一家四口住，酒店位置在第一滩入口，酒店门口有很多地方停车，订了三间房，唯一缺点就是有两间空调不够凉，凉得很慢,2019
205,酒店评论-1206,茂名国际大酒店,早餐不错，有停车场，环境整洁卫生，不知道能否加床，位置便利，可以带孩子，在茂名市内算是不错的酒店了。,2019
206,酒店评论-1207,城市便捷酒店(茂名学府店),干净，卫生，服务态度好！,2019
207,酒店评论-1208,茂名华燕宾馆,全新装修的宾馆，换了一个房间后，还是有新装修的油漆味，不太舒服。 除了以上的问题外，一切都很好。 位置就在车站旁边，地下停车场很大，也很方便。 新装修酒店，设施很新，同时也配备很齐全，完全参考5星级酒店客房的设置配备的，除了没有浴缸。 有瓶装水，无需自己烧开水。 床很软，喜欢睡硬床的可能不太习惯。 有躺椅，晚上不想上床可以躺在上面看书。 窗户开口略小，也没有遮盖，外面下雨容易飘进来。 最重要的是，前台小姑娘很漂亮！赏心悦目，特别对于旅途中的人来说。 很好的酒店，值得强力推荐。,2019
208,酒店评论-1209,茂名观海楼假日酒店,客人的健康也是很重要的哦。给发霉菌的房间给客人度假会毁了他人难得的美好海滨假期的.注意：这发霉菌是源源不断的，丝毫没有改善的迹,2019
209,酒店评论-1210,城市便捷酒店(茂名学府店),还可以，环境和地段不错，只是段了电一段时间。,2019
210,酒店评论-1211,茂名海豚酒店,我觉得酒店卫生要加强，还是做得不好，卫生间好多地方脏了都没处理，直接影响到入住人的心情，其他方面还可以,2019
211,酒店评论-1212,茂名御景国际大酒店,早餐很丰富，味道不错，地面和地下2层停车场，12楼有游泳池和健身房，入住可免费使用，一楼大厅有茶楼，人气很旺，还有有小超市，生活日用品零食都可以买到，位置离市区有点远，但是到处可见电瓶单车，注册下载APP后可以使用,2019
212,酒店评论-1213,IU酒店(信宜中兴六路店),环境还是很不错的，卫生也很干净，,2019
213,酒店评论-1214,城市便捷酒店(茂名学府店),帮朋友订的，评价还不错,2019
214,酒店评论-1215,维也纳国际酒店(茂名高铁火车站店),房间楼层高，视野好，房间设施新，周边环境有点吵，旁边也在施工。性价比很高，后面需要提升，隔音效果也不是很好,2019
215,酒店评论-1216,茂名海豚酒店,挺好的，挺卫生的，当然了，到沙滩距离走路要十分钟，但是价格优惠！,2019
216,酒店评论-1217,茂名诚荟酒店,酒店设施齐全，服务也是非常好，下次我会再来。,2019
217,酒店评论-1218,茂名海豚酒店,说实话，这个酒店还真不错，房间挺大的，还挺干净的。在一滩的酒店都是200-300，太贵了，这个160没想到出乎意料的令人满意！！,2019
218,酒店评论-1219,高州简尚精品酒店,经常出差，在高州来说，性价比挺高的，房间不是很大，但是很安静，连锁酒店比本地的酒店就是好，推荐！！！,2019
219,酒店评论-1220,茂名御景国际大酒店,我住酒店算是很多要求的人了，酒店服务员尽了一切可能满足了我的所有要求。我说不连Wi-Fi，要连接有线网络，酒店马上帮我找工程人员帮我调试，鼠标垫也给我弄到，房间叫餐服务味道也不错。我还想了很多一般人不会要的服务和东西，酒店也能做到，真的服务好得不得了，而且，酒店价格不贵哦！400不到就能用准5星酒店服务，哪里找？！,2019
220,酒店评论-1221,Q加·茂名大喜假日酒店,环境优美，地理位置好，交通方便，房间舒适卫生，服务人员很热情，乐于提供各种帮助，早餐丰富。设施很人性化，网络高速信号好，窗外风景好。有特别的开床服务，房间小摆件的设计也很有特色。性价比不错，下次还要入住,2019
221,酒店评论-1222,茂名好来登商务酒店,环境一般般，这个价位，还是可以住,2019
222,酒店评论-1223,茂名诚荟酒店,环境不错，适合出差旅游。,2019
223,酒店评论-1224,茂名华燕宾馆,还可以吧 除了有点潮 哈哈哈哈 八十个积分 真的是很大的诱惑 多打几个字 今天又是困觉的一天 哈哈哈哈,2019
224,酒店评论-1225,城市便捷酒店(茂名学府店),设施一般，小孩睡的话，没有什么东西保护的东西，担心掉地上。 不过也对得起这价格吧,2019
225,酒店评论-1226,茂名南越印象岭南文化主题酒店火车站店,帮朋友代订的酒店，据他们说酒店的环境、装修、卫生条件都挺好，唯一不满意是早餐太晚，因为要赶时间，他们只好空腹离开了。,2019
226,酒店评论-1227,茂名红金鼎商务宾馆,床够大，环境优雅，卫生干净,2019
227,酒店评论-1228,茂名国际大酒店,各种巴适，免费升级商务标间，挨着人民广场，炒鸡巴适,2019
228,酒店评论-1229,城市便捷酒店(茂名学府店),停车场有点小，环境还行，毗邻技校和油校,2019
229,酒店评论-1230,轻住悦享酒店(茂名高铁南站店),还算可以，不错，总体感觉比以前要好，有进步。我们每年都回来住几天的,2019
230,酒店评论-1231,茂名御景国际大酒店,自从泳池办了暑假游泳班，水不再清澈…如果放暑假期间每天都有那么多游泳的客人，建议还是不要半个月才换一次水吧,2019
231,酒店评论-1232,卓越酒店(茂名万达广场店),内部环境好。外面晚上也安静。,2019
232,酒店评论-1233,城市便捷酒店(茂名学府店),综合体验很好，下次还来光顾,2019
233,酒店评论-1234,维也纳3好酒店(茂名沿江大厦店),订的是单人大床房无窗的，房间较小，不过算蛮干净，需要的东西也都比较齐全，不过房间是不能吸烟的，但是一进房间很大的烟味，还是无窗的，味道久久不能散去，懒得换就将就了，酒店各方面还算满意，但是最不满意的是停车位实在太少了，出去吃个宵夜回来没位置了，太坑了，被迫停在很远的马路边，希望酒店可以改善停车位的问题。,2019
234,酒店评论-1235,尚客优连锁酒店(茂名高铁火车站店),性价比高，大房大床街景，前台态度好。,2019
235,酒店评论-1236,维也纳3好酒店(茂名沿江大厦店),刚好去茂名玩比较晚了，就近选择住这里，服务对得起维也纳的品牌，总体好评。房间也挺大的，而且靠近小东江，值得推荐！,2019
236,酒店评论-1237,茂名华燕宾馆,话筒不想接吗！在一起就是最重要最大功率提升肌肤含水量动力方面预计全年使用说明。,2019
237,酒店评论-1238,茂名华燕宾馆,酒店设施齐全，价格优惠，前台服务也好，卫生也行，早餐也不错，说真的超喜欢那个玉米瘦肉粥，超好吃！估计应该是刚装修不久，刚刚进去房间里时有一股味道，但是住一会就没有什么味道了。酒店周围就是街区，吃饭逛街都很方便，从酒店出发去中国第一滩也不是很远，交通方便。虽然说地处街区内，但是酒店内却是十分的安静，不会影响休息喔！可以放心入住！,2019
238,酒店评论-1239,茂名诚荟酒店,环境很棒 轻奢简约风,2019
239,酒店评论-1240,茂名观海楼假日酒店,房间挺大 装修还可以 也算干净 中央空调够马力,2019
240,酒店评论-1241,维也纳国际酒店(茂名万达广场店),环境卫生都比较舒适，,2019
241,酒店评论-1242,茂名观海楼假日酒店,早餐不错（餐厅没有空调）楼下就是海滩方便，只是设施有点老旧，刚到时整楼层的公共楼道灯都没有（不知道是否没开，但一定不是感应的），最无语的可算是wifi了，只有酒店前台才有信号，其他的位置都没有信号,2019
242,酒店评论-1243,茂名国际大酒店,老牌的酒店但有着非常优质的服务，各位工作人员的态度都十分真诚友善。在现今竞争激烈的酒店行业，感受到国际酒店的提升进步意识很强烈。在其他城市同等价位的酒店绝对享受不到如此好的服务。,2019
243,酒店评论-1244,茂名海豚酒店,很一般，设施简陋，卫生较干净，离第一滩不太远。,2019
244,酒店评论-1245,茂名国际大酒店,这是我这几年一直自驾在路上住过的五星级酒店中服务最好的一家！好得我们都有些不好意思了，我订的豪华间主动免费帮我升级到行政房，房间超大。入住当天下午我们没在酒店时服务员进来打扫卫生，见我没干的衣服乱挂着，主动拿来晾衣架帮我晾好，随便扔的衣服也帮我们收拾好，还贴心的给煮好一壶水，矿泉水用过的都给补上，牙刷拆了的也给补上。加管家微信还有很多项免费服务，比如泡脚啥的，太多了，虽然我都没有要求。来茂名，一定一定要住这家，价格亲民，让你好好享受一下什么叫最好最贴心的五星级服务！我都想给8星好评的呢！,2019
245,酒店评论-1246,茂名海豚酒店,住得还可以，走路到海边，不远，免费停车。,2019
246,酒店评论-1247,茂名海豚酒店,离景点很近，洗浴直接回酒店即可。,2019
247,酒店评论-1248,茂名国际大酒店,性价比很高的星级酒店，住的房间有浴缸，宽敞，服务态度很好，由于第二天要开会，还帮忙熨了衣服，酒店冰箱不行还立马更换，很好的住店体验！！,2019
248,酒店评论-1249,茂名观海楼假日酒店,酒店到沙滩很近，楼下吃海鲜也便宜，就是这边的海水质量一般，海水含沙量多，打到眼睛很难受，建议给小孩配潜水镜，沙滩不收费可以随意进出，缺点是酒店近海，床单被子黏黏的睡着不太习惯，酒店停车方便，早餐选择少不好吃。,2019
249,酒店评论-1250,茂名御景国际大酒店,有停车场，有餐厅，有健身房和露天泳池，还有几层楼是水汇休闲会所，也算是当地比较高端的了，环境很好，很新。室内照片忘记拍了,2019
250,酒店评论-1251,茂名名晟宾馆,便宜性价比环境还可以适合出差的人,2019
251,酒店评论-1252,茂名海豚酒店,就在公交车站旁，位置很好找。隔音真的很一般。,2019
252,酒店评论-1253,维也纳国际酒店(茂名万达广场店),能免费停车，万达广场是还在建设中的，酒店在电白客运站场对面，6.5层有免费洗衣房，一楼有餐厅，首次关注公众号送一份早餐，大堂有一台电脑，正好我用来上传了旅途中的照片（wifi网速只有10兆的样子），2米大床很舒服，一觉睡到11点。,2019
253,酒店评论-1254,茂名海豚酒店,位置很近中国第一滩，走路大约八分钟，附近有很多吃海鲜的大排档。我已经连续三年选择住在这里了。值得推荐。,2019
254,酒店评论-1255,维也纳3好酒店(茂名沿江大厦店),我帮我亲戚订的是江景房，但是进入房间令我大失所望，只有这样的一点江景，就可以算是江景房，收贵一点，大家在订这类以“江景”为名的房间请擦亮眼睛了。,2019
255,酒店评论-1256,城市便捷酒店(茂名学府店),价廉物美很不错的一次入住体验，虽然偏了点但房间很大很干净，周边配套设施也很不错，而且还有接机送机服务，很好的一次体验,2019
256,酒店评论-1257,茂名万达广场雅斯特国际酒店,勉强过得去，但价格没有优势,2019
257,酒店评论-1258,精途酒店(茂名高铁火车站店),"很干净,卫生搞得好,早餐也不错,房间也可以够大,也有洗衣机,然后跟火车站好近,出门旅行必备首选的酒店,跟男朋友一起住感觉都非常好,值得推荐！",2019
258,酒店评论-1259,茂名诚荟酒店,提醒大家进去住的时候检查收费的东西齐不齐，什么都没动过就被人这家酒店的人骗了二十块。,2019
259,酒店评论-1260,城市便捷酒店(茂名学府店),早餐品类太单一，没什么吃的，菜太咸，酒店房间小，比较吵,2019
260,酒店评论-1261,茂名观海楼假日酒店,该酒店除了离海滩近，地理位置好其他各方面真的无力吐槽了！一早餐种类特别少，二，晚上从外面回房间地板上好多小强，三，服务非常一般，房间电视没遥控打一个电话给前台说那个开机顶盒的就可以打开电视机，确定不能用再打电话给前台直接挂掉，真的无语了！还有楼下的虾爱上蟹，服务态度也一样，之前在网上看推荐这家吃海鲜，本人体验是这几天吃过的几家店服务最差的一家了。,2019
261,酒店评论-1262,城市便捷酒店(茂名学府店),环境不错，干净卫生，服务态度很好,2019
262,酒店评论-1263,茂名红金鼎商务宾馆,房间很不错，服务也很热情，前台小姑娘很负责任，服务态度 真的很不错 酒店的地理位置很好 楼层服务员很热情 强烈推荐本酒店 出差 旅行都很方便,2019
263,酒店评论-1264,维也纳国际酒店(茂名万达广场店),在车站对面，新，干净，好像没有配套早餐,2019
264,酒店评论-1265,茂名诚荟酒店,非常可以的,2019
265,酒店评论-1266,城市便捷酒店(茂名学府店),首先，没有足够停车位，要自己在路边找，第二，隔音差，空调是坏的，风叶掉了，不能调风向，而且很吵，服务也差，让前台多给一张被子，冷冷说没有，枕头十分高，高到离谱，住过算很差的酒店了，卫生也差，房间也小，一晚没睡好，总之差,2019
266,酒店评论-1267,茂名海豚酒店,住宿环境比较简陋，只有二层，一楼是上铺，但是因为附近都是开发区晚上人很少，所以我住路边也不觉得吵。是一滩附近最便宜的酒店之一了。其他都很贵。奔着价格便宜去的，所以要求不要太高。,2019
267,酒店评论-1268,茂名海豚酒店,位置比较好找，就在马路边上。我订的两间房子，有一间门缝好大。 毕竟靠近第一滩，所以附近环境很好。,2019
268,酒店评论-1269,精途酒店(茂名高铁火车站店),布置很可爱，服务态度也很好，但电视机看不了，电话用不了，门上的铁链是没有的，安全系数低,2019
269,酒店评论-1270,IU酒店(茂名人民南路油城大厦店),123456789还可以,2019
270,酒店评论-1271,茂名华燕宾馆,酒店设施看起来都有点历史了，房间灯光太暗，不过在广州这个价格还也还行,2019
271,酒店评论-1272,维也纳3好酒店(茂名沿江大厦店),床挺舒服的，请自带套,2019
272,酒店评论-1273,城市便捷酒店(茂名学府店),挺好的，不错，很可以，环境卫生也好,2019
273,酒店评论-1274,茂名红金鼎商务宾馆,环境不错，服务好，卫生很好,2019
274,酒店评论-1275,茂名海豚酒店,地理环境好，安全，干净,2019
275,酒店评论-1276,茂名荔晶大酒店,茂名地区较老的四星级酒店，位置还可以，服务人员态度很好，经常入住这边，如果能解决停车问题，那就更好咯。,2019
276,酒店评论-1277,茂名诚荟酒店,酒店是相当不错的，与周围同等价格酒店对比，此店性价比高 ，物有所值。酒店的位置非常好，出行十分方便，酒店还可以代叫出租车，周围有公交车站。,2019
277,酒店评论-1278,茂名名晟宾馆,几十块钱能订到一百多的房我感觉，很好,2019
278,酒店评论-1279,维也纳国际酒店(茂名万达广场店),酒店正对面就是汽车客运站，出行打车，公交车，共享汽车，共享电动车都有出行挺方便呢 酒店有露天停车场，也有地下停车场！ 酒店内有便利店，自助洗衣房，工作人员服务都很好！,2019
279,酒店评论-1280,维也纳国际酒店(茂名万达广场店),我订的是家庭房，适合一家三口入住，有一张大床和一张单人床，房间大而且整洁，停车方便，近客运站，附近也有美食，前台接待热情周到，是一间性价比高的酒店，下次还会再入住该酒店。,2019
280,酒店评论-1281,茂名海豚酒店,还算可以吧，设施老化了,2019
281,酒店评论-1282,茂名观海楼假日酒店,环境不错，服务态度很好，值得来玩。,2019
282,酒店评论-1283,茂名观海楼假日酒店,环境可以，服务一级棒。离景区好近。,2019
283,酒店评论-1284,茂名国际大酒店,酒店交通方便，房间面积大，12楼有免费的咖啡和茶水供给，门厅帅哥服务态度好，客房服务员还烧好开水并留了卡片，点赞！,2019
284,酒店评论-1285,维也纳国际酒店(茂名万达广场店),第一次住感觉环境很不错。,2019
285,酒店评论-1286,轻住悦享酒店(茂名高铁南站店),早歺好、很丰富，非常方便！,2019
286,酒店评论-1287,城市便捷酒店(茂名学府店),位于广东石油化工学院周边，方便探亲,2019
287,酒店评论-1288,茂名海豚酒店,有地方停车，这点还不错，房间设施挺简单的，不过有吹风筒，价格还是算优惠的，走十来分钟就可以走到海边了，还算方便,2019
288,酒店评论-1289,茂名观海楼假日酒店,我们住的是两晚，第一日已经觉得很多德国小强通房行地面 台面 墙壁都有小强，第二天下午游完水回来床上有七八只，完全不想在床上训觉，两晚天花板传来不明小动物的叫声，天花板还有蜘蛛网。还有一个设计问题：冲凉房本来是干湿分离，但冲凉房地漏去水慢，隔离差，水很容易就满到干的洗手盆及坐厕处，但这里没有地漏，冲完凉要叫阿姨擦干水，不然水会进房间里。总体来说差到极点!,2019
289,酒店评论-1290,城市便捷酒店(茂名学府店),服务不错，房间也很好，下次过来的话，还会考虑！,2019
290,酒店评论-1291,茂名诚荟酒店,酒店还可以,2019
291,酒店评论-1292,茂名观海楼假日酒店,挺好的，每次去一滩都是去观海楼假日酒店住，这次入住好多天，酒店是可以加床的，早餐品种也多，酒店有停车场，停车方便，入住酒店有景区免费停车劵，随时无限次可以进出，停车票一晚要30块，住酒店可以省了30元。我住的是无敌海景房，坐在阳台可以看到整个海景，一线海景对于我这些爱海的简直棒极了。下次还要去，带孩子一起去。,2019
292,酒店评论-1293,茂名国际大酒店,地理位置很好，旁边就是广百商场及华侨城，购物饮食都很方便。服务周到，会为客人烧好水放保温瓶中。房间空间舒适，干净卫生，床上用品也很舒服。,2019
293,酒店评论-1294,维也纳国际酒店(茂名万达广场店),经常来茂名，跑这里来住，比市里划算很多，便宜三分之一，酒店还赠送了早餐，停车比较方便，离海边红树林很近，夜景还可以,2019
294,酒店评论-1295,茂名好来登商务酒店,房间太小了，隔音不是很好,2019
295,酒店评论-1296,Q加·茂名大喜假日酒店,服务热情，酒店位置很好。,2019
296,酒店评论-1297,城市便捷酒店(茂名学府店),一个人住那。。。。学校边上，还可以。？,2019
297,酒店评论-1298,茂名诚荟酒店,其他都还好，就是一大早就有人在施工，影响休息,2019
298,酒店评论-1299,星悦酒店(茂名文化广场店),感觉还好，就是我下单看错了，把双人床房看成了双人房了，但是整体还是不错,2019
299,酒店评论-1300,茂名熹龙国际大酒店,装修简约新潮，大堂很宽敞，出行交通便利，早餐很赞哟，前台服务棒棒哒，客房干净卫生，强烈推荐入住。 酒店地理位置优越，位置很好找，就在前进村地铁口，大厅宽敞明亮，前台小姐姐服务态度也很好，客房干净卫生，,2019
300,酒店评论-1301,城市便捷酒店(茂名学府店),椅子不太舒服 浴室花洒不是很给力 床品感觉是潮的 那种洗衣店出来没熨干的感受 正对着学校 下课时有点吵闹,2019
301,酒店评论-1302,茂名海豚酒店,很好，环境也不错，就是离景区远了一点,2019
302,酒店评论-1303,茂名诚荟酒店,哪个厕所是开放式的，个人不喜欢，感觉好恶心，看了评论还不错，试试，哪个床好硬，睡的不舒服，问要多个枕头都说大床房是单人房来的，我是醉了,2019
303,酒店评论-1304,茂名观海楼假日酒店,环境不错，海景好美，适合家庭度假，朋友旅游，适合海钓的朋友,2019
304,酒店评论-1305,城市便捷酒店(茂名学府店),有停车场，不过晚一点回去基本都没位置停的,2019
305,酒店评论-1306,茂名海豚酒店,门缝太大，价格高，不过假期也没有办法,2019
306,酒店评论-1307,城市便捷酒店(茂名学府店),服务不错，环境不错，总体挺满意的,2019
307,酒店评论-1308,城市便捷酒店(茂名学府店),早餐18元一份，东西不算多，比以前再广西住的时候差点，忘记拍照了，住的床跟平常的一样很舒服很柔软，房间大小合适，就是车位不多，来了两天，就是第二天一早回来才强到院里面的车位，不然要停外面路边，门口路边的停车位也不算多,2019
308,酒店评论-1309,茂名海豚酒店,普通住宿，房间很简单，离沙滩走路10分钟吧,2019
309,酒店评论-1310,茂名国际大酒店,茂名第一家五星级酒店，位置在市中心，很方便，4楼的早茶也是茂名蛮出名的，三四百的价格很划算啊,2019
310,酒店评论-1311,城市便捷酒店(茂名学府店),酒店位置很好离学校近，酒店房间卫生不错，无停车场，不好停车。,2019
311,酒店评论-1312,茂名国际大酒店,早餐不错，满足南北方不同需求，酒店有停车场，部分房间可加床，可以带孩子的，酒店交通方便。入住两次体验都挺不错。,2019
312,酒店评论-1313,茂名国际大酒店,可以说是茂名最好的酒店没有之一了，各项服务都很棒，餐食也算丰富，交通购物都很方便，离市政府10分钟步行，强烈推荐！,2019
313,酒店评论-1314,茂名诚荟酒店,可以，安静,2019
314,酒店评论-1315,茂名海豚酒店,卫生不错，设备齐全，床也挺大的，酒店距离一摊也不是很远，价格也不贵，有停车场，服务也不错，还有免费矿泉水,2019
315,酒店评论-1316,高州简尚精品酒店,挺好的，已经很晚了才订的房，就是那个特价房实在小了点，其他都还挺好,2019
316,酒店评论-1317,茂名荔晶大酒店,酒店空间很大，卫生间水也很大。但稍稍欠缺的就是灯光太暗，早餐自助餐种类不多，但也够吃饱肚子。早餐店旁边是个小花园，有孩子的可以吃完在小花园里玩一下。,2019
317,酒店评论-1318,茂名国际大酒店,服务好，环境好，还有健身房,2019
318,酒店评论-1319,精途酒店(茂名高铁火车站店),品牌已不是第一次入住了，大数据让店员发现我入住过一切完美，性价比超高，值得信任，停车方便。自驾首选,2019
319,酒店评论-1320,茂名柏丽酒店,酒店房间挺大，干净卫生，前台服务态度挺好，早餐种类较少,2019
320,酒店评论-1321,茂名国际大酒店,常棒的一家酒店，设施新服务好，特别是房间床品很舒适，总体感觉很好，以后出差就选这家酒店没错的，周边吃饭也很方便哦！,2019
321,酒店评论-1322,茂名国际大酒店,非常好的酒店，服务一流，餐饮一流，这是我们点餐送到房间的。周末酒店价格也优惠，非常满意这里的一切服务。,2019
322,酒店评论-1323,茂名荔晶大酒店,早餐没去吃…感觉住了这么多次酒店就没吃过一次早餐的。房间很大，不过灯光可能稍微偏暗一点。酒店的位置很好，去哪都很方便。有停车场。,2019
323,酒店评论-1324,轻住悦享酒店(茂名高铁南站店),早餐还可以，停车也方便，位置也不错，离火车站比较近，特别是新开的南站房。比较适合商务出差，这次住了十几天。,2019
324,酒店评论-1325,IU酒店(茂名人民南路油城大厦店),环境各方面都还好 就是办事效率有点低 而且给人不专业的感觉 我们办理入住的时候已经是凌晨了 大家都很累 前台登记的时候将近用了二十多分钟吧 说是没见到我们购买的信息 然后又说我们预定的房间已经没有了 给我们换了双人房 （我们入住前一天已经打电话告知给我们整晚留房了） 入住的时候洗手间的沐浴露和洗发水也没有 电视机也是坏的。我们订了两天 前台在第一天中午就打电话催退房 当时考完试已经很累了 正在休息.. 就很生气了。试问你这边都不登记的吗？这么不专业吗？ 除了房间环境还不错 其他各方面的体验感给我的感觉都很差！！,2019
325,酒店评论-1326,茂名诚荟酒店,好，卫生干净,2019
326,酒店评论-1327,茂名海豚酒店,挺好的，住的舒服。酒店位置很好，环境也好，和朋友一起去的，住的蛮舒服的，建议订购，挺喜欢的。前台接待也不错的，楼下就有早餐。,2019
327,酒店评论-1328,Q加·茂名大喜假日酒店,酒店坏境好 住房舒服 028,2019
328,酒店评论-1329,茂名海豚酒店,服务好，干净整洁。住的特别舒服。,2019
329,酒店评论-1330,Q加·茂名大喜假日酒店,住得舒服卫生干净下次再来028,2019
330,酒店评论-1331,茂名海豚酒店,位置就在第一滩景区内，超干净，洗浴用品好，饮食和交通方便。,2019
331,酒店评论-1332,茂名诚荟酒店,性价比很高,2019
332,酒店评论-1333,茂名诚荟酒店,超级好，棒棒哒,2019
333,酒店评论-1334,维也纳3好酒店(茂名沿江大厦店),位置很好，可以晚上看音乐喷泉，酒店设施也很好，挺新的，无异味，,2019
334,酒店评论-1335,Q加·茂名大喜假日酒店,性价比高，服务好，位置好。,2019
335,酒店评论-1336,茂名海豚酒店,距离一滩特别近。还有免费的停车位，挺好的,2019
336,酒店评论-1337,高州简尚精品酒店,卫生比较干净，值得入住……,2019
337,酒店评论-1338,维也纳国际酒店(茂名万达广场店),每次来都会入住维也纳酒店，有家的感觉,2019
338,酒店评论-1339,维也纳国际酒店(茂名万达广场店),连续住了两晚，喜欢维也纳酒店的风格，有家一样的感觉，,2019
339,酒店评论-1340,Q加·茂名大喜假日酒店,住得舒服，环境卫生干净，停车方便。酒店附近餐饮配套设施齐全。工号008前台服务员服务态度非常好，热情周到。,2019
340,酒店评论-1341,城市便捷酒店(茂名学府店),整体还是不错，唯一就是卫生间排水不太好,2019
341,酒店评论-1342,茂名海豚酒店,挺便宜的，离海很近，下次还来,2019
342,酒店评论-1343,茂名南越印象岭南文化主题酒店火车站店,在网上找的这家酒店，比较有特色，看评论说比较安静，楼道铺的地毯，走过没有声音，房间大、高、宽敞。装修新，大堂布置典雅，有文化韵味。有地面和地下停车场，住店获免费停车券。酒店正前方是个广场，旁边是美食街，主要是晚上热闹，还好现在晚上凉了，10点以后基本不吵了，夏天估计够呛，得喧嚣到午夜。房间中央空调，出风口有“啸声”，高频，好像耳鸣，没办法只好关了空调，盖着被子有点热。,2019
343,酒店评论-1344,IU酒店(茂名人民南路油城大厦店),很舒服，很喜欢，周边环境很好，交通又方便，绿化又好，酒店干净便捷，前台小姐姐人好好，下次有机会还来这里,2019
344,酒店评论-1345,茂名国际大酒店,五星很好的，，，，，，,2019
345,酒店评论-1346,Q加·茂名大喜假日酒店,住宿环境舒适，卫生干净，停车位较多，停车方便。工号008前台接待员服务热情周到，服务态度很好。下次再光临。,2019
346,酒店评论-1347,维也纳国际酒店(茂名万达广场店),房间很大，设施齐全，卫生很好，性价比超高！早餐挺好，服务也不错，门口停车方便。意外惊喜，下次还会入住！适合自驾。,2019
347,酒店评论-1348,轻住悦享酒店(茂名高铁南站店),早餐不错哦，番薯好软好甜，床单啥的比较干爽，没有霉味，卫生不错，继续坚持哈，就是昨晚快十二点五六个警察上来查房，好怕怕，吓一跳，前台应该打电话来告知一声,2019
348,酒店评论-1349,茂名海豚酒店,在旅游景区的酒店，向前走就是天下第一滩，较简朴,2019
349,酒店评论-1350,化州桔龙商务酒店,还可以，卫生干净，出门方便，停车方便,2019
350,酒店评论-1351,城市便捷酒店(茂名学府店),来招聘时，都住在这里，不错,2019
351,酒店评论-1352,城市便捷酒店(茂名学府店),位置非常好，但是卫生有待提高,2019
352,酒店评论-1353,茂名海豚酒店,还好吧 不错了 经济实惠,2019
353,酒店评论-1354,Q加·茂名大喜假日酒店,住宿环境舒适，卫生干净整洁，停车位较多，停车方便。周边餐饮配套齐全。工号028前台服务员接待彬彬有礼，服务态度非常好。,2019
354,酒店评论-1355,茂名红金鼎商务宾馆,喜欢这里卫生各方面服务都满意,2019
355,酒店评论-1356,维也纳国际酒店(茂名万达广场店),服务态度很好，酒店不错,2019
356,酒店评论-1357,茂名君悦商务酒店,卫生很好，值得来住。,2019
357,酒店评论-1358,维也纳国际酒店(茂名高铁火车站店),房间干净，早餐不错。品种齐全，就餐环境好,2019
358,酒店评论-1359,维也纳国际酒店(茂名万达广场店),很不错，舒服,2019
359,酒店评论-1360,维也纳国际酒店(茂名高铁火车站店),来茂名出差，订了高铁站附近的酒店，导航显示步行8百多米，还好选择了打车，步行是走不通的，打车有三四公里路。房间比较大，早餐的选择很多，总体挺满意的,2019
360,酒店评论-1361,茂名鑫都宾馆,房间卫生干净整洁，环境不错，前台小妹妹服务热情有礼，店前有美丽的小东江，音乐喷泉，最主要的是价格实惠，性价比特高，下次来茂名一定还住这家店。,2019
361,酒店评论-1362,维也纳国际酒店(茂名万达广场店),酒店位置在电白区客运站对面，停车方便有免费停车场，房间宽敞舒适干净卫生，配有多功能充电线线。酒店装修很时尚潮流休闲维馨，工作人员服务态度都挺好，见面都会主动问好，是一家管理素养不错的酒店。出门左转有一家饭店亚九土鸡很火，门口总是停很多车，我们中餐、晚餐都在那里吃，口味很好价格实惠。,2019
362,酒店评论-1363,维也纳国际酒店(茂名万达广场店),房建装修是新装修的有点气味，要开房间门通风，但里面装修不错。 位置距离高速稍微远了一些，反正我开了二十几分钟，可以点外卖，附近吃的不错。,2019
363,酒店评论-1364,茂名海豚酒店,很好，服务态度很好,2019
364,酒店评论-1365,茂名国际大酒店,酒店设有地下和地面停车场，停车方便。酒店服务员服务态度很好，客房干净整洁设施齐全，二三楼有茶楼餐厅饮食方便。,2019
365,酒店评论-1366,茂名诚荟酒店,没有早餐吃的吧？,2019
366,酒店评论-1367,茂名鑫都宾馆,"该酒店交通方便,前台接待的服务很好，业务熟练。打扫房间的服务员很用心，整体服务都不错，硬件设施都很好。值得推荐！",2019
367,酒店评论-1368,维也纳国际酒店(茂名万达广场店),每次去都会选择维也纳酒店入住，无论是从环境还是服务都是我一直首选入住的理由,2019
368,酒店评论-1369,Q加·茂名大喜假日酒店,住宿非常舒适，价格优惠。卫生条件干净整洁，餐饮配套设施齐全，停车位比较多，停车方便。工号008前台接待员态度很好，服务热情周到。,2019
369,酒店评论-1370,城市便捷酒店(茂名学府店),房间霉味太重，隔音不好，空调外机声音太吵，工作人员冷漠，没有耐心。寄存了行李要取时，他看了一眼说没找到，把单子丢回给我让自己去认领，也不告知去那认领，自己又低头不知道干嘛去了……入住体验最差的一个城市便捷。可以的话想打负分 以后来茂名不会再住这家,2019
370,酒店评论-1371,茂名国际大酒店,路过住下还不错哦！酒店位置好，也安静，有停车场，早餐还可以，客房空间大，总体对得起这个价位。尤其要大赞大堂美女经理，专门安排的生日长寿面，好暖心！第二天因赶路匆忙离开，在这里谢谢大堂、餐厅两位年轻的美女经理，祝愿你们生活愉快！,2019
371,酒店评论-1372,城市便捷酒店(茂名学府店),隔音效果一点都不好，服务态度也不怎样,2019
372,酒店评论-1373,茂名名晟宾馆,价格亲民，热水空调不错，卫生也行。美中不足停车位少,2019
373,酒店评论-1374,维也纳国际酒店(茂名万达广场店),环境优美，态度很好，服务很周到，住得最舒服的唯一一家酒店,2019
374,酒店评论-1375,茂名柏丽酒店,经常入住的酒店，性价比高离公司近,2019
375,酒店评论-1376,精途酒店(茂名高铁火车站店),环境舒服，服务好。,2019
376,酒店评论-1377,维也纳国际酒店(茂名高铁火车站店),位于火车站北广场附近，本来走路就能到，可惜北广场在施工根本不让通行，只能从南广场坐公交绕过来，1路汽车倒也方便。位置有点清净，不过走路去人民广场也还不远。房间硬件挺好，洗澡水特别给力，床品毛巾都很卫生。,2019
377,酒店评论-1378,茂名观海楼假日酒店,位置挺不错的，楼层的观景楼可以看到整个沙滩，唯一不足就是房间的隔音不好，门柜就隔着一块木板，挂衣服非常的吵，隔壁讲话的声音也可以听到，外面阿姨搞卫生的声音也很吵，说话声音也很大，被吵醒后就没睡着了，也提醒了一遍 楼下的餐厅供应早餐的阿姨很热情，去的晚一点就没啥吃了,2019
378,酒店评论-1379,茂名国际大酒店,第二次来这里入住，原因是第一次的感觉非常棒，夜里多跑了几百公里特意赶到这里。不过这次有一点不如意，就是枕头好像是有点梅味，把我搞的没睡好。没有第一次的感觉好,2019
379,酒店评论-1380,Q加·茂名大喜假日酒店,住宿环境舒适，卫生条件干净整洁，停车位较多，停车方便。餐饮配套设施齐全，前台接待员服务热情周到，态度非常好！,2019
380,酒店评论-1381,城市便捷酒店(茂名学府店),相当满意，干净卫生，隔音效果很好,2019
381,酒店评论-1382,精途酒店(茂名高铁火车站店),地理位置容易找，但是停车位少了点，房间挺不错的，很大，干净！下次还是会选择居住！但是路边房间吵了点！,2019
382,酒店评论-1383,维也纳国际酒店(茂名万达广场店),出差多，经常选择维也纳，整体都是比较满意的，这次入住两个体验不好，一是早餐餐厅在改造，就是在大堂的小超市领，一盒豆奶或乳酸奶+一个面包，太一般，即使装修不便，替代方案的品质也应该好一点；二是退房开发票时，业务太不熟悉，早上时段退房人比较多，不能合理引导客人有序办理，办理速度又慢，还交叉作业，更加顾此失彼，客人都不满意。,2019
383,酒店评论-1384,茂名海豚酒店,还算好吧，就是底板多砂子,2019
384,酒店评论-1385,卓越酒店(茂名万达广场店),还不错，赞一个，,2019
385,酒店评论-1386,华海酒店(茂名高铁站店),非常气派地理位置不错，看得出酒店在曾经非常的辉煌你高铁站很近，有地下停车酷，路面车位也挺多有保安会帮你看车附近还有洗车厂的,2019
386,酒店评论-1387,茂名熹龙国际大酒店,爸妈开车路过，对酒店很满意，房间很大，停车方便，有早餐，酒店还有88元自助晚餐，总之符合两位老人家的要求，很不错,2019
387,酒店评论-1388,尚客优连锁酒店(茂名高铁火车站店),非常好，下次还来,2019
388,酒店评论-1389,茂名诚荟酒店,房间环境挺好！双人床也很舒服，睡4个人也可以睡得下，卫生间看起来超级干净，比我之前住的其他酒店都还好，而且这个价钱也可以。,2019
389,酒店评论-1390,城市便捷酒店(茂名学府店),还行吧，比较靠近广东石油化工学院,2019
390,酒店评论-1391,茂名诚荟酒店,经济实惠吧,2019
391,酒店评论-1392,茂名国际大酒店,在茂名算是比较好的酒店了，有会场，有餐饮，还算是比较方便，旁边还是广百百货，购物很方便，酒店房间宽敞，服务也可以。,2019
392,酒店评论-1393,城市便捷酒店(茂名学府店),停车位可能不太够，开车去的不一定有位置停，特别是晚入住的。,2019
393,酒店评论-1394,茂名名晟宾馆,干净整洁，前台接待人员认真负责的工作给我留下了很好的印象。,2019
394,酒店评论-1395,茂名海豚酒店,一如既往的好，性价比高,2020
395,酒店评论-1396,城市便捷酒店(茂名学府店),环境很好，离油校很近，宵夜方便！,2020
396,酒店评论-1397,维也纳国际酒店(茂名高铁火车站店),酒店很干净，不收取押金是对客人的尊重，赞一个。,2020
397,酒店评论-1398,茂名熹龙国际大酒店,五星好评，越来越喜欢熹龙了。酒店我住了有10年了，近一两年来每次入住，即使我没定有早餐的，也会都会送我，房间送甜点，水果，中午还有茶水，服务越来越值得称赞，硬件设施也没觉得陈旧。前台依旧热情，大副也是彬彬有礼。像我这种一年要住100多天酒店的人，都忍不住要给个好评，必须鼓励表扬下，继续加油，我身边的朋友我都会安顿他们住这，交通出行都很方便。赞！,2020
398,酒店评论-1399,茂名万达广场雅斯特国际酒店,环境舒适，实木家具，宽敞明亮,2020
399,酒店评论-1400,茂名荔晶大酒店,服务态度很好、 有停车场：露天停车场 早餐：还行、有包、粉、菜、粥、蛋、籺（这些都不够你吃的话！只能说你是个吃货！无法满足你的胃！请到外面去疾风吧！） 餐厅旁边还有个小花园、吃完早餐阳光好的话在那活动活动是个不错的选择 交通便利、酒店附近就有好多吃的 出门就有自助单车/电单车 热水有点供应不足（也可能是碰巧）,2020
400,酒店评论-1401,尚客优连锁酒店(茂名高铁火车站店),环境舒适，服务态度很好。,2020
401,酒店评论-1402,茂名熹龙国际大酒店,酒店真心不错，很干净很舒适，也很安全，中午还会送水果，水果也是非常新鲜的，服务很周到，正好在市区,2020
402,酒店评论-1403,茂名万达广场雅斯特国际酒店,很好的酒店，停车方便、安全。酒店床品干净，前台服务热心。,2020
403,酒店评论-1404,茂名华燕宾馆,前台小姐姐 声音甜 态度好 环境好 性价比极高,2020
404,酒店评论-1405,茂名红金鼎商务宾馆,酒店干净卫生，对得起这个价格。,2020
405,酒店评论-1406,茂名万达广场雅斯特国际酒店,性价比很好，非常值得推荐入住,2020
406,酒店评论-1407,茂名国际大酒店,好像是我第一个打全五星的，卫生环境都可以，和前台聊天有种回家的感觉，房间大设施可以。也去了晚上的海鲜自助，都还可以。早餐还算丰富。,2020
407,酒店评论-1408,茂名御景国际大酒店,地理位置距离水东镇中心约6.5公里。房间、洗手间面积足够，设施、卫生都挺好的。有停车场。早餐品种足够选择。若在书桌、床头柜附近增加电源插座就更完美了。,2020
408,酒店评论-1409,茂名海云雁酒店,酒店硬件不错，性价比很高前台服务员也很好，还给我推荐了附近吃海鲜的地方，价格不贵。地理位置在第一滩景区里面，离市区较远。,2020
409,酒店评论-1410,茂名诚荟酒店,不错，有特色,2020
410,酒店评论-1411,茂名途遇精品酒店,酒店地理位置好交通便利，工作人员服务态度热情，房间整体风格清新，卫生干净，推荐。,2020
411,酒店评论-1412,茂名柏丽酒店,交通方便/环境舒适/价格实惠,2020
412,酒店评论-1413,城市便捷酒店(茂名学府店),连锁酒店，值得信赖。反正我满意。,2020
413,酒店评论-1414,精途酒店(茂名高铁火车站店),前台服务态度很好 很热情 房间干净整洁 价格优惠 来了好多次了 下次还来,2020
414,酒店评论-1415,茂名海豚酒店,位置不错，步行几分钟就到了海边，有停车场，没有早餐。卫生间的地板砖不好看，有一种脏兮兮的错觉，特别是湿水后。,2020
415,酒店评论-1416,茂名海云雁酒店,这次订得还是很满意，亲朋好友也住得开心,2020
416,酒店评论-1417,茂名荔晶大酒店,总的还行！！！！！！,2020
417,酒店评论-1418,茂名温德姆至尊酒店,酒店的位置挺好的，风景也好，早餐没有吃到不知道怎么样。酒店由于有写字楼，商场，在黄金时段很难找位置。酒店设施都好，唯一就是床垫太软了，人一睡就往一边跑，第二天起床腰和脖子疼,2020
418,酒店评论-1419,茂名君悦商务酒店人民大道店,还行吧 就是隔音有点不好,2020
419,酒店评论-1420,维也纳国际酒店(茂名万达广场店),服务很好，过年住宿还送饺子，新装修，卫生干净，自助洗衣很方便，停车方便，早点也很好，有汤粉和捞粉，满意，谢谢,2020
420,酒店评论-1421,茂名君悦商务酒店,很安静，也很方便,2020
421,酒店评论-1422,茂名途遇精品酒店,挺好的，酒店位置还不错，楼下吃饭的地方很多，很方便，房间也很大，晚上比较安静，就是有的房间没有窗户。,2020
422,酒店评论-1423,柏曼酒店(茂名大道东汇城店),非常满意，干净整洁，房间很大，设施完善，堪比四星级酒店，一家人一起去三亚玩回来自驾路上选择茂名留宿一晚，老人，孩子们还有老公都很满意，感谢前台小姐姐送的早餐券，早餐也很好，还有宝宝椅和停车场就在酒店前面，可能因为特殊时期，人也不多，很方便，距离高速路很近！,2020
423,酒店评论-1424,茂名威利国际酒店,位置优越，交通方便，购物中心区。,2020
424,酒店评论-1425,卓越酒店(茂名万达广场店),该酒店还是可以,2020
425,酒店评论-1426,茂名红金鼎商务宾馆,还可以，就是价格有点过高，服务态度也不怎么好,2020
426,酒店评论-1427,凯里亚德酒店(茂名电白万达广场店),酒店新开的，还可以！ 我的担保金怎么还没退回来？,2020
427,酒店评论-1428,维也纳国际酒店(茂名万达广场店),有免费停车场，周围环境不错，离万达广场很近，干净整洁卫生，房间很不错，服务态度很好！下次有机会还会入住！,2020
428,酒店评论-1429,高州顺得商务酒店,门口可以停车，车位不多，就在一条热闹的街边，吃饭逛街购物很方便。,2020
429,酒店评论-1430,凯里亚德酒店(茂名电白万达广场店),酒店不错，设备新，环境优雅，性价比比较高。,2020
430,酒店评论-1431,茂名熹龙国际大酒店,酒店服务很贴心，特殊时期还专门了清热的糖水,2020
431,酒店评论-1432,卓越酒店(茂名万达广场店),有些房型非常好，有些房型卫生间与浴室太窄了,2020
432,酒店评论-1433,茂名安途四季酒店,酒店卫生干净,2020
433,酒店评论-1434,如家酒店·neo(茂名人民路步行街中心店),环境不错，服务态度也很好,2020
434,酒店评论-1435,高州明悦宾馆,算是优惠的了,2020
435,酒店评论-1436,尚客优连锁酒店(茂名高铁火车站店),疫情期间，还能正常提供住宿服务！辛苦了！三亚返回上海的路上，还好在这家店住我一晚上，能保持恢复一些体力，后面到了江西，所有住宿酒店全部停业了，2天1晚一口气开回上海的感受太痛苦了！,2020
436,酒店评论-1437,茂名诚荟酒店,无早餐位置安静，还算可以,2020
437,酒店评论-1438,茂名熹龙国际大酒店,已经住到第三天了！,2020
438,酒店评论-1439,兰欧酒店(信宜绍秀体育馆店),很好，每次来都是住兰欧，前台美女们的态度也很棒！房间很宽敞，卫生也做的很好，支持,2020
439,酒店评论-1440,麗枫酒店(茂名高铁站店),服务很好，卫生很干净,2020
440,酒店评论-1441,茂名栈泉酒店,过得去 一半半 还行吧 看风景住a栋 拍照去b栋,2020
441,酒店评论-1442,麗枫酒店(茂名高铁站店),服务态度，环境各方面挺好,2020
442,酒店评论-1443,茂名栈泉酒店,在茂名其实只是路过，从海南回来不想太累，因为如果从徐闻开车回家的话，也是需要开一天的，要半夜才到家，年二九就打算在茂名过一晚，睡醒再出发。 栈泉是后来选的酒店，本来想订维也纳，付款的时候加了价，觉得太坑就选择了栈泉，毕竟只是过渡性的住一个晚上。 栈泉地理位置不错的，在茂名站附近，直接下高速过来也算方便的，建筑外观比较残旧，90年代风格吧，前台也是比较老旧的设计，不过态度还不错，查找订单比较慢，押金总共500，两个标间，有两栋楼的，入住A栋，有电梯，不过不算快捷。 客房方面，两间都是对着旁边的旧楼，没有景观可言，房间倒是挺大，干湿分离不是很好，洗脸盆就在房间里，卫浴也比较小，房间透露出比较陈旧的味道，床铺方面也比较硬，有电视，但没啥看，桌子也有，都是比较旧，总体来说，算是简单的快捷型，当然这个价位也不能要求太高，起码热水就十分充足的，可以洗个舒服澡。 配套方面也没有什么了，就一个中餐厅，还有个小会议室，健身房、游泳池都是没有的，但是附近的餐饮还是很不错的，走不远的地方就有个湛江鸡饭点挺好。 茂名周边玩乐就一般了，夜晚可以去中心区域逛逛，也就十多分钟路程，东江夜景还不错，还有音乐喷泉，都是可以看看的。 总体来说，这边真的比较旧，150多一晚上，也只能说是一般的价格，不算划算。,2020
443,酒店评论-1444,茂名诚荟酒店,很不错，下次再来,2020
444,酒店评论-1445,麗枫酒店(茂名电白万达广场店),这家酒店地理位置非常好，离万达广场特别近，逛一下步行回酒店也就两三分钟，酒店的装修风格很喜欢，特别是房间有空气净化器很赞，这个特殊时期入住有空气净化器就多一份安全感，酒店也很干净，感觉服务人员非常友好.下次有需要还来住.,2020
445,酒店评论-1446,茂名文华酒店,没吃早餐，就是小了点啦啦啦啦啦八块哈哈哈默默付出好好好吧次假不要翠还说了句哈哈哈()hiahiahia噢噢噢,2020
446,酒店评论-1447,凯里亚德酒店(茂名电白万达广场店),环境好，有大型停车场，大堂干净漂亮，房间设备新，防疫消毒工作到位，前台有免洗手消毒液，舒适度很好，下次出行还会再定！赞一个,2020
447,酒店评论-1448,麗枫酒店(茂名电白万达广场店),非常舒适的酒店，性价比高，交通也方便。这里的工作人员很热情哦！公共区域卫生做得很好，停车方便。非常值得推荐,2020
448,酒店评论-1449,凯里亚德酒店(茂名电白万达广场店),酒店环境不错，卫生挺好，新酒店新设备，用着很放心，大堂很漂亮，要是多点优惠活动就好了！,2020
449,酒店评论-1450,IU酒店(茂名人民南路油城大厦店),不错，环境舒适，有专用停车场，价格实惠，是旅行出差的不二选择，酒店服务态度很好，祝君旅途愉快，心情美美！！,2020
450,酒店评论-1451,维也纳国际酒店(茂名万达广场店),维也纳是一如既往的好，非常时期安全做的非常到位，入住要量体温登记，免洗手消毒液消毒，电梯按键可以用纸巾来避免接触按键，完美！,2020
451,酒店评论-1452,信宜天鹅湖宾馆,很好的。给个好评,2020
452,酒店评论-1453,高州卡尔顿酒店,环境很不错 服务员态度也很好,2020
453,酒店评论-1454,茂名诚荟酒店,环境不错，卫生很好，服务很好！很满意！ 前台姐姐美美的服务也周到。我需要问的问题都能答我。太棒了！,2020
454,酒店评论-1455,化州桔龙商务酒店,酒店离汽车站近，位置好。可以停车，服务员挺负责的。车爆胎了，正在发愁的时候，服务员介绍了修车师傅过来，棒！,2020
455,酒店评论-1456,麗枫酒店(茂名电白万达广场店),装修设计不错，薰衣草主题，还有空气中淡淡的薰衣草香让人感觉很舒服，前台小姐姐服务态度很棒，问了许多问题都一一给我们解答清楚，没有一点不耐，房间设施齐全，最重要是床很舒适，床上有四个枕头，躺上去就不想动了,2020
456,酒店评论-1457,麗枫酒店(茂名电白万达广场店),酒店很新，刚进房间有点味道，开空调开窗一会就没有了，酒店硬件条件很好，连淋浴都有背景音乐，房间灯的控制也很多，吹风机都是可以触控的，热水很好很大，房间较大，空调效果好，很安静,2020
457,酒店评论-1458,麗枫酒店(茂名电白万达广场店),房间卫生不错，停车场免费，房间内设施设备都很完善，酒店工作人员服务也很贴心！见到的所有工作人员都非常有礼貌，有什么需要都会第一时间帮我们解决，素质都很高，客房的大姐人也很和善，每次回到酒店都感觉很温暖！必须好评表示支持！,2020
458,酒店评论-1459,麗枫酒店(茂名电白万达广场店),床很舒服，设备齐全，出差去电城附近去看了那边酒店都不想住，前天在这里住过感觉还是回来丽枫这里住比较踏实，晚上又安静。,2020
459,酒店评论-1460,麗枫酒店(茂名电白万达广场店),新开的酒店，万达广场很近对面就是，交通也方便，距高速出入口也就几公里，离第一次滩又近，超喜欢。酒店环境设施都很高级，房间干净，还有停车场，挺方便的，很不错的一次体验！,2020
460,酒店评论-1461,茂名威利国际酒店,酒店装修豪华气派，房间够大上档次，前台接待态度不错！,2020
461,酒店评论-1462,麗枫酒店(茂名电白万达广场店),此次经过，一直都是选择丽枫这个品牌，这家是新店，没有新装修的味道，服务很热情，卫生也很干净，酒店有很多的停车位，位置很便利，很好找，性价比高，不错。,2020
462,酒店评论-1463,茂名诚荟酒店,挺不错的一家,2020
463,酒店评论-1464,凯里亚德酒店(茂名电白万达广场店),酒店整体还不错、朋友过来都是安排这里住、唯一就是要中午12点退房这点不好、现在全国的酒店大部分都是下午两点前退房的、希贵店也同步一下这样就更佳了！,2020
464,酒店评论-1465,柏曼酒店(茂名油城七路店),酒店就在油城路，地理位置好，酒店停车也方便，还是刚刚开业，装修高大上，房间设施棒棒的。附近还有大型购物广场，下次还会选择入住柏曼！,2020
465,酒店评论-1466,英利商务酒店(化州上街路店),卫生干净安全,2020
466,酒店评论-1467,茂名君怡酒店,卫生好，环境好，前台服务员和客房服务员服务态度很好，酒店有专用的停车场，必须好评，下次过来还是会选择这家酒店。,2020
467,酒店评论-1468,茂名鑫都宾馆,酒店位置还是可以的。,2020
468,酒店评论-1469,茂名华燕宾馆,早餐目前没有，可能是受疫情影响吧。酒店自带停车场。位置还行。周边环境不错。餐饮，购物，出行都很方便。,2020
469,酒店评论-1470,茂名观海楼假日酒店,停车方便，近沙滩。,2020
470,酒店评论-1471,柏曼酒店(茂名油城七路店),连锁酒店，感觉还不错，进门一插卡就看见窗帘能自动打开了，还有个圆形办公桌，挺适合我们这种出差生活的人，整体布局还是比较满意的，有机会再住,2020
471,酒店评论-1472,茂名君怡酒店,非常喜欢这间酒店风格设计,2020
472,酒店评论-1473,茂名途遇精品酒店,酒店给人印象挺好的，地理位置很不错，不吵不闹，交通也很方便。设备都很新，值得入住。整体很不错，出行很便利，很安静，房间很大，整体来说比较干净整洁，不显得脏乱，室内无异味，干净温馨，设施也不错。酒店前台及其他工作人员服务态度很好，室内清理很及时，室内设施比较齐全，也没有损坏或者无法使用，价格比较合理，性价比比较高 酒店地理位置挺好的总之，很满意。很满意。很满意！！！！,2020
473,酒店评论-1474,维也纳3好酒店(茂名沿江大厦店),酒店位置很好靠江边散步很方便，就是我定的高级景观房看的是这个烂尾楼有点不太美丽,2020
474,酒店评论-1475,化州汇嘉大酒店,化州性价比最高的酒店，没有之一，疫情期间服务依然周到，五星推荐给大家！,2020
475,酒店评论-1476,茂名途遇精品酒店,#位置很好# #房间大# #性价比高# #干净卫生# #服务好前台长得好美()年纪轻轻，身材不错，说话好听关键穿的衣服半透明# 红色的印着葫芦娃的超级棒,2020
476,酒店评论-1477,尚客优连锁酒店(茂名高铁火车站店),环境好，服务不错，只是床单有些潮湿，可能是没干就铺上了，让服务员换个干燥，很顺利。,2020
477,酒店评论-1478,麗枫酒店(茂名电白万达广场店),丽枫是个很不错的酒店，前台小姐姐很亲切，酒店卫生干净，值得推荐。,2020
478,酒店评论-1479,唐华商务酒店(茂名高铁火车站店),不错不错，价格优惠。房间也好。位置也好。对面就有好多餐饮店，虽然对面是酒吧，但是不担心会很吵。！安静的,2020
479,酒店评论-1480,Q加·茂名大喜假日酒店,环境优美 陶瓷方便 干净卫生,2020
480,酒店评论-1481,维也纳3好酒店(茂名沿江大厦店),酒店服务态度好，环境卫生干净，,2020
481,酒店评论-1482,麗枫酒店(茂名电白万达广场店),环境优美，交通方便，大爱,2020
482,酒店评论-1483,柏曼酒店(茂名油城七路店),酒店就在油城七路，有停车场！出行方便,2020
483,酒店评论-1484,柏曼酒店(茂名油城七路店),一入门口，就给人感觉高大尚，交通便利，停车方便，是出门住宿的首选,2020
484,酒店评论-1485,柏曼酒店(茂名油城七路店),环境优美，地理位置好，交通便利，房间舒适非卫，服务人员热情,2020
485,酒店评论-1486,维也纳国际酒店(茂名高铁火车站店),环境好，床舒服！,2020
486,酒店评论-1487,Q加·茂名大喜假日酒店,性价比很高，前台靓女热情礼貌，笑容甜美，停车方便，周边餐饮众多，还有很多购物店，非常方便。,2020
487,酒店评论-1488,茂名君怡酒店,#服务好#位置优越，还有地下停车场，适合出游所选的酒店,2020
488,酒店评论-1489,凯里亚德酒店(茂名电白万达广场店),新开酒店，非常干净，设施齐全，有免费停车场，前台服务非常好，还免费升级了大床房，下次有机会一定会再次光顾的，谢谢！,2020
489,酒店评论-1490,城市便捷酒店(茂名水东万达广场区政府店),环境很不错，服务员彬彬有礼，热情周到，酒店装修还很新。实力推荐,2020
490,酒店评论-1491,凯里亚德酒店(茂名电白万达广场店),很好 房间空间比较大 前台服务态度很好 新店 很干净 下次还会订这家,2020
491,酒店评论-1492,高州沿江商务宾馆,很好，就是房间有点小,2020
492,酒店评论-1493,茂名柏丽酒店,不错挺好的，每次过来出差，都会预定这里的房间,2020
493,酒店评论-1494,茂名诚荟酒店,回头客了。 喜欢那边比较清静，每次回来都住那里。很好。服务很好。,2020
494,酒店评论-1495,精途酒店(茂名高铁火车站店),停车挺方便的，有专门的停车场，前台服务人员很热情。周边主要是建材市场，旁边还有铁路，会有一些噪音，房间内设施加强一些就好了,2020
495,酒店评论-1496,Q加·茂名大喜假日酒店,环境很好，服务热情！,2020
496,酒店评论-1497,IU酒店(茂名人民南路油城大厦店),挺好的 就是隔音不太好..晚上总有些人在走廊大喊大叫的 有点影响 要是走廊能贴一些晚上请勿喧哗的告示也许会好那么一些 就隔音不太好以为 其他都挺好 特别是打扫的阿姨特别有礼貌 蛮和蔼的 前台的姐姐也很好呀 需要东西之类的会送上来 说话也温柔 比某酒店好太多了 图片的话 没怎么拍,2020
497,酒店评论-1498,麗枫酒店(茂名电白万达广场店),新装修。在万达的斜对面，门口有停车地方。九点人比较新，大厅比较大，房间设施还比较好。还不错的。价格不贵。,2020
498,酒店评论-1499,茂名熹龙国际大酒店,性价比很高的酒店，停车方便，房间设施齐全，安静，床很软。位置很好，边上吃喝玩乐应有尽有。不足之处在于酒店的早餐很烂。这边说因防疫需要，取消自助餐，上门送餐。虽然送来的早餐品种少，口味一般，还是冷的，但考虑到疫情，也愿意将就了。直到发现酒店自营的三楼茶餐厅，在这个时间却热热闹闹，吃早茶的人不要太多，而且二楼中餐包厢也是正常营业。为什么双重标准呢？,2020
499,酒店评论-1500,卓越酒店(茂名万达广场店),好就是好，过去见征下,2020
500,酒店评论-1501,柏曼酒店(茂名油城七路店),服务热情，交通便利，早餐丰富，前台服务亲切！,2020
501,酒店评论-1502,Q加·茂名大喜假日酒店,服务态度很好,2020
502,酒店评论-1503,唐华商务酒店(茂名高铁火车站店),酒店位置方便，容易找，打车交通都很方便， 前台服务热情，房间很大，很好 ，里面卫生也比较干净，值得推荐。,2020
503,酒店评论-1504,凯里亚德酒店(茂名电白万达广场店),位置佳，性价比好，设施好,2020
504,酒店评论-1505,Q加·茂名大喜假日酒店,店家服务态度确实不错，开始下订的是双人房，因为电视机一直没有信号，店家给我换了个豪华单人房，房间很大，今晚可以睡个好觉了，谢谢店家，下次还会再来的,2020
505,酒店评论-1506,Q加·茂名大喜假日酒店,住宿环境舒适，卫生条件干净整洁，停车位较多，停车方便。餐饮配套设施齐全，前台接待员服务热情周到，态度非常好！,2020
506,酒店评论-1507,茂名国际大酒店,自助早餐丰盛，品种齐全。酒店旁边有广百百货商场，购物方便。酒店门前有大型免费停车场。适合带小孩，天台上有标准泳池。,2020
507,酒店评论-1508,茂名华燕宾馆,疫情期间暂时没早餐，不过房间挺好，也没什么异味，热水什么的供应充足，价格也实惠，下次来出差也会过来,2020
508,酒店评论-1509,柏曼酒店(茂名油城七路店),这是一家新开的酒店，酒店设施非常好，房间面积也很大。预订的时候没有早餐，但是入住的时候前台送了两份早餐，还是很惊喜！ 早餐:用餐环境干净卫生，食物比较丰富，非常适合我的胃口，有稀饭、牛奶、豆浆，油条，面包，蛋糕炒面，炒河粉，时蔬，鸡蛋，红薯，芋头，水果。反正吃的比较对胃口！ 房间:空间大，布局合理，床品质量堪比五星级酒店，非常舒服！ 洗漱:淋雨花洒水量大，下水顺畅。 洗发液，润发液，沐浴露超级喜欢，应该是酒店定制的，从包装到品质绝对大牌，淡淡的橙花香，应该是没有添加香精，这点绝对加分！ 总体:非常棒！ 建议:新酒店最好可以放一些绿植，吸附甲醛的同时还能美化环境！,2020
509,酒店评论-1510,茂名华燕宾馆,太棒了。一直觉得华燕的环境比其他的都好,2020
510,酒店评论-1511,柏曼酒店(茂名油城七路店),房间宽敞明亮、整齐卫生，非常人性化的设计，极具现代感和科技感，早餐环境及味道都不错，岀差旅行有宾至如归的感觉，非常放松，价格实惠，性价比高！,2020
511,酒店评论-1512,茂名恒运商务酒店,环境不错，安静,2020
512,酒店评论-1513,尚客优连锁酒店(信宜银湖路店),环境不错，周边饭店也很多,2020
513,酒店评论-1514,茂名君怡酒店,新开的酒店，硬件设施很好。我是一个很讲究细节的人，这家酒店这方面很用心，体验感不输于五星。下次还会入住。,2020
514,酒店评论-1515,麗枫酒店(茂名电白万达广场店),这家酒店服务很好，房间也很干净，看她们做卫生房间消毒工作做的很认真细致，跟同事出差过来的，住了两天，值得推荐.,2020
515,酒店评论-1516,茂名海豚酒店,房间还可以，大床房挺大的，一百多正常价，楼下是海鲜大排档，就是不靠海，走到海边要十分钟左右,2020
516,酒店评论-1517,麗枫酒店(茂名电白万达广场店),丽枫酒店的口碑一直都不错，这次到茂名出游看见丽枫就订了，房间很干净，床单被套洗手间各处细节的卫生都经得起考验，旁边就是万达，逛街方便，但是酒店里面还是很安静的，不影响睡眠。可能是新装修的关系，有点点味道,2020
517,酒店评论-1518,茂名君怡酒店,物有所值哈哈,2020
518,酒店评论-1519,茂名观海楼假日酒店,酒店的招牌很大，位置容易找，一进景区路口就看见了。br酒店后面有停车位，还有两栋未开发完善的酒店楼坯。br酒店正门对着海边，离海滩也很近，景区内吃喝用的都有，挺方便的。br酒店房间不同的价格，不同的方位，面向海滩的偏贵，面向停车场的就便宜点。br酒店设施还齐全，不算陈旧，就是空调的声音很大，应该是风速大引发的，还有就是床套、被子总感觉有很细腻的沙子，洗手间内的梳妆台地面没有排水口，地面有水时，排不走，所以在冲凉间内洗澡，尽量不要把水洒出冲凉间。,2020
519,酒店评论-1520,茂名君悦商务酒店,只能说一分钱一分货,2020
520,酒店评论-1521,高州简尚精品酒店,酒店新净，卫生也清洁,2020
521,酒店评论-1522,好莱登商务宾馆(信宜绍秀体育馆店),就是个一般酒店，路过住一晚，性价比较高！,2020
522,酒店评论-1523,茂名观海楼假日酒店,酒店大堂很气派，前台美女服务热情，房间卫生整洁。门口就是海边，在房间换好衣服直接下去游泳，吃喝玩乐都很方便，家人玩得很开心。下次过来还选这家,2020
523,酒店评论-1524,化州铭丰假日酒店,五星好评！,2020
524,酒店评论-1525,茂名荔晶大酒店,停车方便，服务态度很好,2020
525,酒店评论-1526,茂名君怡酒店,虽没有早餐，但入住后会送两瓶牛奶，卫生服务很好,2020
526,酒店评论-1527,茂名诚荟酒店,停车方便，卫生很好，有淡淡的清香味，房间空间也很大，设备很齐全，满意的一次住宿,2020
527,酒店评论-1528,茂名海豚酒店,感觉不错，有免费矿泉水，剃须刀都有，纸巾充足，卫生搞的不错，毛巾都是消毒的了，，，，，，，，，总之挺满意的,2020
528,酒店评论-1529,尚客优连锁酒店(茂名高铁火车站店),整体很好，但是有几个小地方可以改进一下 1、洗手台比较低，洗手水容易撒出来 2、隔音不太好，晚上会被旁边影响 3、晾衣服的钩子可以相隔更加远一点 4、空调对着头吹，比较冷，床能移到旁边就好了,2020
529,酒店评论-1530,茂名红金鼎商务宾馆,性价比很高的商务酒店，住了一次很满意,2020
530,酒店评论-1531,柏曼酒店(茂名油城七路店),送了一份早餐，早餐很丰富。一年360天都在出差，酒店最重要的是卫生服务，这一家酒店两样达标。来这边出差落脚点就是这了。性价比高，服务好，客房卫生干净舒适。值得推荐！,2020
531,酒店评论-1532,星悦酒店(茂名文化广场店),还不错，停车位较少,2020
532,酒店评论-1533,Q加·茂名大喜假日酒店,有矿泉水免费送，前台很有礼貌热情服务，性价比超高,2020
533,酒店评论-1534,Q加·茂名大喜假日酒店,酒店在新湖二路大道上，附近酒店都比较多，距离市中心商业街直线距离1公里左右，距离市区人工湖公园也就直线距离600米的样子，楼下是便利店，走1分钟就是早餐店。房间还不错，干净卫生。住着也舒服。,2020
534,酒店评论-1535,Q加·茂名大喜假日酒店,已经连续住了几天了，性价比还是挺高的，房间干净卫生，又够大，虽然预定的是双人房，但价格并不贵。楼下就是便利店，需要买东西也方便，睡了几晚，晚上没觉得很吵。,2020
535,酒店评论-1536,Q加·茂名大喜假日酒店,住了5天了，对于经常出差在外住宿来说，很满意。房间够大，干净卫生，睡着也安静，不是很吵。酒店前台的服务态度也很不错，点赞，继续加油！下次出差如果性价比还是那么高，还会选择。,2020
536,酒店评论-1537,茂名熹龙国际大酒店,酒店很高档，环境优美。虽然房间小了点但是装修很高端。酒店的服务态度非常好，每个员工都特别热和卫生阿姨都不错，前台美女送了下午茶卷，还有水果,2020
537,酒店评论-1538,凯里亚德酒店(茂名电白万达广场店),前台服务非常热情！不过必须吐槽下，因自驾海南，加上本人浅睡眠，房间能够安静点，可是住的房间当晚楼顶有老鼠啃东西的声音，一晚没休息好。习惯性的好评，希望以后能有所改善吧,2020
538,酒店评论-1539,茂名熹龙国际大酒店,环境优美，地理位置好，交通方便，房间舒适卫生，服务人员很热情，乐于提供各种帮助，早餐丰富。设施很人性化，网络高速信号好，窗外风景好。有特别的开床服务，房间小摆件的设计也很有特色。性价比不错，下次还要入住,2020
539,酒店评论-1540,凯里亚德酒店(茂名高铁站店),还可以，挺好的，干净卫生,2020
540,酒店评论-1541,凯里亚德酒店(茂名电白万达广场店),新开酒店，环境好，卫生干净，客服有礼貌，再出行会再订购,2020
541,酒店评论-1542,凯里亚德酒店(茂名电白万达广场店),酒店新开的环境不错，位置也很好服务也好！,2020
542,酒店评论-1543,精途酒店(茂名高铁火车站店),不错的一间酒店，一般回来都住这里。服务员态度很好，服务周到，卫生干净，住的舒服。值得推荐,2020
543,酒店评论-1544,茂名蓝海洋酒店,价格合理，环境优美！服务周到，是个值得选择的好酒店。,2020
544,酒店评论-1545,茂名柏丽酒店,很好，环境不错，就是网上的价格有点贵,2020
545,酒店评论-1546,茂名海云雁酒店,酒店环境优美，卫生干净，服务又好，前台经理细心又体贴，关键长得又好看，下次还要来,2020
546,酒店评论-1547,茂名诚荟酒店,出差经常住这里，位于市中心城区，周边有吃有喝有玩，酒店房间很大还有浴缸，有停车场，早餐也不错，酒店服务很好,2020
547,酒店评论-1548,柏曼酒店(茂名大道东汇城店),房间很好，摆放东西的台面多，各项设施也方便，干净好用，有停车场。就是酒店没有餐厅，没有便利店，附近没什么吃饭的地方，要走远点才有商城,2020
548,酒店评论-1549,Q加·茂名大喜假日酒店,性价比很高，卫生干净，有免费停车场，地理位置很方便，下次来出差继续住这里！,2020
549,酒店评论-1550,茂名万达广场雅斯特国际酒店,挺好啊前台接待挺好的,2020
550,酒店评论-1551,精途酒店(茂名高铁火车站店),环境卫生很好,2020
551,酒店评论-1552,凯里亚德酒店(茂名电白万达广场店),挺不错的还送了面包牛奶,2020
552,酒店评论-1553,城市便捷酒店(茂名学府店),性价比超高,2020
553,酒店评论-1554,麗枫酒店(茂名电白万达广场店),这次因为疫情关系，好多酒店没能入住，最后选了这里，非常好的一次体验。酒店很新，设备也很新。几乎给分,2020
554,酒店评论-1555,IU酒店(茂名人民南路油城大厦店),位置优越，对面有个体育馆早上晚上都可以散步，位置就在信宜市迎大道（体育馆店）兰欧酒店，有停车场，前台小姐姐服务好，有笑容，下次还会来住,2020
555,酒店评论-1556,精途酒店(茂名高铁火车站店),酒店有时候会给客人赠送早餐券，虽然早餐种类不多，但是也算是一项加分服务，整体酒店还好，通透性好的房间一般都会住的舒服一些,2020
556,酒店评论-1557,卓越酒店(茂名万达广场店),好评不错很好,2020
557,酒店评论-1558,茂名途遇精品酒店,出差应酬，比较晚了，已经过了凌晨，直接在携程预订了一个房间、入住时发现时间订错了房间，前台很耐心的帮我改时间，免费给我升级了房型、酒店房间也很干净，没有异味，总体体验非常棒。,2020
558,酒店评论-1559,茂名栈泉酒店,早餐挺好的，房间干净,2020
559,酒店评论-1560,茂名诚荟酒店,这个酒店很可以，,2020
560,酒店评论-1561,茂名华燕宾馆,位置地段较好，交通也很方便，已经来住了好几次了，也是我经常住的一家，总体来说还行吧，符合我的需求!!!,2020
561,酒店评论-1562,柏曼酒店(茂名油城七路店),订了两晚的柏曼酒店，新装修，干净，服务周到，前台的服务员很耐心，下次有机会再去茂名的话一定会再次入住的。,2020
562,酒店评论-1563,茂名栈泉酒店,酒店真的一般，,2020
563,酒店评论-1564,精途酒店(茂名高铁火车站店),早餐样式不多，价位摆在那里，还过得去，胃口就那么大，吃不了多少，停车场不多，但是每次去都停市场旁边，也还算方便。酒店位置不算偏僻，附近也有一些吃饭的店,2020
564,酒店评论-1565,精途酒店(茂名高铁火车站店),每次都住这里，习惯了，早餐很棒，值得推荐的好酒店！,2020
565,酒店评论-1566,茂名碧海湾酒店,酒店一般的。窗户看看外面的世界没有。只看不够一米的墙。房间有霉味。早餐还可以。停车只能在门口。没有专用停车场,2020
566,酒店评论-1567,信宜丽晶酒店,还不错空调比维也纳的要好,2020
567,酒店评论-1568,维也纳国际酒店(茂名高铁火车站店),环境优美，地理位置好，交通方便，房间舒适卫生，服务人员很热情，乐于提供各种帮助，早餐丰富。设施很人性化，网络高速信号好，窗外风景好。有特别的开床服务，房间小摆件的设计也很有特色。性价比不错，下次还要入,2020
568,酒店评论-1569,麗枫酒店(茂名电白万达广场店),前台服务态度非常好，丽枫酒店是连锁的，我们以前在广州时住了一个星期，卫生和舒适性都挺不错，性价比高，就是洗发水护发素的盖子设计的很不好，不小心弄伤了手，前台也贴心送了创可贴，我记得以前的盖子好像不是这种，希望能改进,2020
569,酒店评论-1570,茂名海豚酒店,有一说一，酒店性价比很高，很不错，唯一不足的是住了两夜，中间没有整理房间，如果去要求的话应该也可以，但是我懒得去，也就算了，希望以后能够改进一下。酒店不是太高级，但是没有可挑剔的地方。总的来说，还是推荐入住的。,2020
570,酒店评论-1571,凯里亚德酒店(茂名电白万达广场店),离万达一两公里，走路到不了的，早餐是有，但不含，因二楼是茶楼，热闹得很。停车方便，新开业，卫生。智能设备有好有坏，想关灯睡觉得傻傻地喊了喊天猫某某，请调睡眠模式，然后睡意全无。,2020
571,酒店评论-1572,茂名华燕宾馆,我是通过网上预定的该酒店房间，提前定好，不会着急下车没地方待。我到酒店后直接报名字就办理入住了，很方便。酒店环境不错，前台服务员态度也好，很热情。让人有宾至如归的感觉， 各种收费很透明，明码标价，不怕被宰。嗯，这次住宿体验不错。如果还来这里，一定还选择这个酒店。给个好评！！,2020
572,酒店评论-1573,茂名熹龙国际大酒店,还可以，来茂名都会选这家酒店，唯一就是之前下午茶都是给当天的可以用，给第二天的都离开酒店了要来有啥用，外地的,2020
573,酒店评论-1574,茂名熹龙国际大酒店,酒店是中式装修，可以免费停车；距离高铁站很近，靠近文创街，后面是人民广场，吃喝玩乐超级方便。入住时前台小姐姐很热情，给升级了豪华园景房，房间很满意。第一天送了小礼品，第二天送了果盘；下午还送了糖水和下午茶券，超nice；不足的是早餐种类少，水压不太稳定。总体是服务很好，卫生干净整洁，下次会再来的一家酒店,2020
574,酒店评论-1575,麗枫酒店(茂名电白万达广场店),酒店斜对面就是万达广场，逛街购物非常方便，我们是从浪漫海岸酒店过来这边万达吃火锅订的酒店，刚开始孩子有些闹腾，毕竟从五星级酒店到这里还是有一点点的落差，不过还好，丽枫酒店卫生方面做的很好，而且服务态度超级好，只有一点我个人觉得可以去改善，就是洗浴用品（洗发水沐浴露）的盖子，真的不好挤,2020
575,酒店评论-1576,茂名君怡酒店,酒店在市中心交通方便，环境很好，酒店周边很多餐厅可以吃饭，客房卫生很干净，前台的小姐姐服务也很热情；酒店二楼还开了个茶市，推荐入住；,2020
576,酒店评论-1577,柏曼酒店(茂名油城七路店),酒店前台很有礼貌，卫生又干净，酒店位置很好，吃喝玩乐附近都有,2020
577,酒店评论-1578,柏曼酒店(茂名大道东汇城店),性价比高，居住环境很好。,2020
578,酒店评论-1579,IU酒店(茂名人民南路油城大厦店),房间里面的设备不错，空调有点滴水，就是外面过道有点味，,2020
579,酒店评论-1580,茂名海豚酒店,酒店设施还可以，位置离第一滩很近，附近挺多小吃店的。,2020
580,酒店评论-1581,凯里亚德酒店(茂名高铁站店),一直住凯里亚德，床很舒服，环境不错，好停车！接待很有礼貌，新店环境很好，不错，位置也比较不错！老会员评价,2020
581,酒店评论-1582,茂名君怡酒店,酒店应该是新开的，房间很干净，服务还不错。如果能有早餐就好了。酒店周边出行，吃饭非常便利，楼下有一个超市，购物便利！,2020
582,酒店评论-1583,化州桔龙商务酒店,前台的姐姐人很好，服务很棒！房间实况和图片一致。,2020
583,酒店评论-1584,凯里亚德酒店(茂名电白万达广场店),非常不错 环境好,2020
584,酒店评论-1585,柏曼酒店(茂名油城七路店),没吃酒店的早餐，房间很好，空间很大，性价比非常高！,2020
585,酒店评论-1586,IU酒店(茂名人民南路油城大厦店),很好，舒服，安静,2020
586,酒店评论-1587,轻住悦享酒店(茂名高铁南站店),酒店在开发区哪里，离市区不是很远，离茂名火车站很近，坐车还行。酒店楼下有共享电瓶自行车，骑行比较方便！,2020
587,酒店评论-1588,凯里亚德酒店(茂名高铁站店),性价比极高，新装修的房间，很喜欢这样现代时尚的装修风格，房间够大。这种单独电视柜的做法有点套房的既视感。房间的设施也很新，质量也高，牙刷、拖鞋的品质都不错，堪比星级宾馆。还有一个记忆棉枕，睡着也很舒服。床垫很舒服，略微偏软，挺适合我的。总之，强烈推荐！绝对值得你入住。,2020
588,酒店评论-1589,精途酒店(茂名高铁火车站店),一如既往地好,2020
589,酒店评论-1590,IU酒店(茂名人民南路油城大厦店),价格实惠很不错的酒店,2020
590,酒店评论-1591,茂名君怡酒店,酒店环境好，靠市中心交通很方便，前台服务好，热情。客房卫生很干净，二楼有茶楼可以喝早晚茶，离万达广场才5分钟的车程。对面还有一家很大书店，女儿就去哪里看书半天。,2020
591,酒店评论-1592,茂名东诚智能公寓,感觉好有时尚感，没想到在这么小的空间可以享受到整套的智能化设备。,2020
592,酒店评论-1593,凯里亚德酒店(茂名高铁站店),很好的一家店，服务态度满分，还有早餐送，环境也可以，有免费停车场，附近就是茂名人民医院,2020
593,酒店评论-1594,茂名君怡酒店,早餐可以在2楼餐厅订，可以送上房间。房间挺大的，位置在镇中心，导航过去挺方便，旁边和对面都有美食。门口有地方停车，还有地下停车场！是不错的选择！,2020
594,酒店评论-1595,麗枫酒店(茂名电白万达广场店),本人是比较喜欢温馨安静的气氛，这家酒店就很合我胃口，一进到酒店气氛很好，音乐也很温馨，环境以及灯光给我的感觉挺暖的，酒店服务也很好，我进到酒店大堂刚坐下就有前台的工作人员递来一杯茶跟一条热毛巾，房间的话可能是新酒店的原因施舍设备都很新，酒店很满意。,2020
595,酒店评论-1596,茂名荔晶大酒店,服务好，就是地下停车场乌漆嘛黑，指示标识不清，手机信号还不好,2020
596,酒店评论-1597,精途酒店(茂名高铁火车站店),环境很好，出行方便,2020
597,酒店评论-1598,茂名诚荟酒店,可以的房间挺好,2020
598,酒店评论-1599,凯里亚德酒店(茂名高铁站店),干净舒适，停车方便，大堂经理，前台小妹，搞卫生阿姨，服务热情。滨海绿城，好心茂名，荔枝红艳，龙眼清甜，神清气爽，回味无穷。,2020
599,酒店评论-1600,麗枫酒店(茂名电白万达广场店),停车场很大，后面也有，大厅很大，就是没有空调，很热了。前台工作人员热情，楼层服务员也很热情。对面就是万达广场,2020
600,酒店评论-1601,茂名君怡酒店,酒店房间不错，前台服务也好，下来还有茶水喝,2020
601,酒店评论-1602,茂名市便捷酒店(高铁火车站店),这里的服务真的很好，从前台到服务员，每个人都很热情好客，笑容满面。价钱很经济实惠，地理位置又很方便。大家过来还是要去住新装修的客房。我是贪便宜不差就行了。这里刚好能满足我的需求，下次还会再过来。推荐大家过来入住。,2020
602,酒店评论-1603,凯里亚德酒店(茂名高铁站店),很晚才到酒店入住前台服务也挺好 去的时候地下停车位满了 停不了几辆 前台安排后院的停车位 入住整体都挺好,2020
603,酒店评论-1604,柏曼酒店(茂名大道东汇城店),超级喜欢这里。房间比想象中的大，干净卫生，隔音又好，睡着安心。不远处就是东汇城，找吃的也方便。,2020
604,酒店评论-1605,茂名红天旅馆,酒店房间隔音效果真心不错，比效安静，不会受房间外的声音影响。酒店相当不错，周围同等价的格酒店一对比，此店确实性价比高 ，物有所值。,2020
605,酒店评论-1606,茂名观海楼假日酒店,海景房正对一线海景，虽然比旁边的海云雁少了泳池，但后面出门直接出到沙滩，而且就到可以游泳的区域，很方便。热水出得有点慢，但水很猛，冲沙很爽。虽然没带早餐，但楼下吃的还是有的，晚餐其实在右边旁边那家吃也不错，有套餐，自己点鱼虾蟹，很实在，没有乱七八糟的加收。建议还可以去水东的东湖附近饮个早茶，好多会加点海味，比如蚝仔瘦肉粥，比如海味干蒸，还有各色坂。但建议要问有无提前订位，尤其周末人超多。夜晚也可以又再去红树林栈道，据说开灯很漂亮。但我们因为下雨没去成。,2020
606,酒店评论-1607,城市便捷酒店(茂名学府店),我是去考试的，离学校确实很近，中午还可以走路回酒店午睡休息，中规中矩，不算很好，也没有很差吧。对了，我写这个评论时已被录取，希望接下来的考生也加油！,2020
607,酒店评论-1608,麗枫酒店(茂名电白万达广场店),酒店位置挺好的，斜对面就是万达广场，完全可以步行前往。卫生和服务都不错，还有足够的免费停车位，非常方便。,2020
608,酒店评论-1609,茂名国际大酒店,很棒一次旅途，各方面都很好，下次还会入住,2020
609,酒店评论-1610,凯里亚德酒店(茂名高铁站店),配套很好，空调风口对着床的方向做了遮挡，很人性化的设计。缺点价格有点高，而且没早餐，附近吃饭地方少。,2020
610,酒店评论-1611,Q加·茂名大喜假日酒店,出差经常来,2020
611,酒店评论-1612,茂名熹龙国际大酒店,性价比超高的酒店，服务十分到位，非常满足，强推荐！ 本来预定部留的是13楼，前台知道我想高层的，就换了一个17楼的，视野超好！ 本来订单不含早餐，后来又送了早餐券和下午茶券（可以去行政酒廊品尝），下午茶回来发现又送了水果和糖水，赞！ 半夜喝水弄湿床单，又安排人过来换床单，服务到位！ 物超所值！,2020
612,酒店评论-1613,麗枫酒店(茂名电白万达广场店),第一次体验丽枫酒店，到门口的时候震惊到了，地理位置超好，（旁边就是万达广场）停车场很宽敞，门口看着就很豪华，（以后招待朋友首选丽枫酒店，绝不丢脸）进去大堂空调也很给力，办理入住很快，前台接待很热情，也很细心（落了东西在前台很细心的提醒我）客房大姐也很有礼貌，房间干净又卫生，设施齐全而且新颖，早餐还是直接配送到房间的，住这么多酒店第一次有这么好的入住体验，简直是太棒了,2020
613,酒店评论-1614,茂名海豚酒店,离海滩不算太远，酒店停车方便，房间整洁，设施完善，性价比较高,2020
614,酒店评论-1615,茂名熹龙国际大酒店,酒店地理位置很好 ，硬件软件都不错，性价比很高。这次的房间正对着人民公园，风景很好，周边也有很多餐饮店。商务休闲都合适,2020
615,酒店评论-1616,茂名观海楼假日酒店,来过很多次l，仍然会选择这个酒店，因为真的很方便，楼下就是沙滩.而且看海景的房间也特别好。后面就是冰雪乐园，周边的设施都很完善。沙滩很广阔，舒服，好玩。几乎每年都来,2020
616,酒店评论-1617,茂名观海楼假日酒店,设施就是有点陈旧，服务态度很好，环境也好离海边很近。,2020
617,酒店评论-1618,茂名诚荟酒店,酒店是相当不错的，与周围同等价格酒店对比，此店性价比高 ，物有所值。酒店房间隔音效果还是不错，效安静，房间外走廊说话声音听不到的。,2020
618,酒店评论-1619,茂名熹龙国际大酒店,大堂经理服务真周到，给升级套房 超级棒,2020
619,酒店评论-1620,茂名海豚酒店,挺好，环境卫生都OK,2020
620,酒店评论-1621,维也纳国际酒店(茂名万达广场店),一直喜欢住，简约舒适,2020
621,酒店评论-1622,Q加·茂名大喜假日酒店,很超值的一次体验！！订的双人床房前台美女免费给升级豪华1.8米双床房！！超赞，，房间干净送矿泉水！热水够猛WiFi给力！！楼下停车方便可开票！！,2020
622,酒店评论-1623,柏曼酒店(茂名大道东汇城店),装修不错，停车场车位多，方便停车。房间卫生也不错。就是酒店旁边没有吃饭的地方，需要去附近找，这点不太方便。,2020
623,酒店评论-1624,茂名海豚酒店,服务态度好，干净整洁，交通便利，空调效果好，性价比高。,2020
624,酒店评论-1625,柏曼酒店(茂名大道东汇城店),再次订的大床房间在二楼，隐私性不太好窗户是百叶窗还紧贴着隔壁的楼，洗澡间下水道不知为何总有一股难闻的气味。房间的卫生和设施还算不错。有大型停车场，停车很方便。,2020
625,酒店评论-1626,凯里亚德酒店(茂名高铁站店),非常棒的酒店，入住体验非常好，前台服务非常棒，周边设施配套齐全，地段繁华，住着非常方便舒适，真心赞。,2020
626,酒店评论-1627,茂名海豚酒店,已经第二次入住，酒店地理位置好，就在停车入口边。房间宽敞明亮，卫生。床铺够宽，枕头非常柔软舒服，全五星好评！,2020
627,酒店评论-1628,茂名诚荟酒店,空调不给力,2020
628,酒店评论-1629,轻住悦享酒店(茂名高铁南站店),"前台小姐姐服务态度超级赞滴,很细心!房间进去第 一眼看到很舒服,床也很软,很舒服。卫生好,环境 好,服务周到!还会再来的!",2020
629,酒店评论-1630,轻住悦享酒店(茂名高铁南站店),一个月去三到四次茂名，都是住在这，已经很有熟悉感了，环境好、也挺干净的，只主要有早餐吃，还挺好吃的。下个月还得去住多两次,2020
630,酒店评论-1631,茂名熹龙国际大酒店,酒店位置十分优越，旁边是人民公园，对面是步行街，有口碑很好的特色老店，电影院，小吃糖水店，按摩店都是一步之遥。 必须点赞酒店的服务，前台人员和碰到的工作人员都很热情。面带微笑问好，全程入住退房都很迅速，经要求还顺利升级了园景房。 另外，细节很加分就是，插头是使用能够接入国际标准的插板。升级的房型配置了电脑。我还玩了好一会愤怒的小鸟。 美中不足的有两条，一个是浴室非常大，导致了房间空间感觉有限。二是配置相对落后陈旧需要升级，晚上可能电压不稳，室内的灯微闪了几次。此外，能听到隔壁，楼上还有过道的少许噪音。还有就是浴室的花洒款式太老了，变更淋浴方式居然靠人手艰难扭动希望有条件可以升级个科勒才对得起五星级的配置。,2020
631,酒店评论-1632,柏曼酒店(茂名大道东汇城店),位置很好找！也挺舒适！就是不喜欢电视接收遥控那个感应灯，关了房间灯睡觉那个感应灯贼亮有点光污染，影响入睡费好大功夫才用东西把它遮住,2020
632,酒店评论-1633,茂名华燕宾馆,卫生不错，环境安静。但我出去办事后，服务员打扫房间过于热情，把我还需要用的货品包装袋当垃圾扫掉了，虽不是要紧之物，但从此我的物品就只能光秃秃了，希望能改进，不要乱动客人物品。,2020
633,酒店评论-1634,茂名君怡酒店,酒店就在电白最繁荣地带，餐饮、购物都很方便，二楼有广东人最喜欢的早、晚茶市，消费水平中等，停车位比较紧张。,2020
634,酒店评论-1635,维也纳国际酒店(茂名万达广场店),第一次入住维也纳酒店，有免费洗衣和干衣 服务！，免费手机充电器，免费停车场，这几种免费服务值得点赞！其他酒店要收费的，而且环境干净卫生，价格合理，下次旅行会首选该品牌酒店！,2020
635,酒店评论-1636,茂名君怡酒店,第一次住這家店，卫生，舒適，交通方便。酒店楼下附近就有很多家不錯的美食。而且款式比较多样化。不想走还可以点个美团外卖,2020
636,酒店评论-1637,茂名荔晶大酒店,酒店房间很大，卫生干净，前台服务热情，楼下买东西和吃的很方便,2020
637,酒店评论-1638,茂名国际大酒店,这两年回来都喜欢住国际酒店，位置好，有足够的车位。老五星酒店，但维护保养得还不错，没有那种陈旧感。早餐很好，不是那种看似品种繁多却不知道吃了啥的老五星的通病，中西餐的品种都精选的，也有本地特色，比去年有改善，特赞。唯一不足的是，房间还是有股霉味，去年入住也有的。豪华双人间的抽风系统不够好，毛巾一个晚上下来还是湿哒哒的。以后回来还会首选这。,2020
638,酒店评论-1639,茂名东诚智能公寓,哇这酒店肯定火！太智能了，升降电视，电动插座，变色玻璃，小度管家等等，平民化价格，会介绍朋友来的。,2020
639,酒店评论-1640,茂名诚荟酒店,还可以，就是晚上周边住户比较吵，其他挺好的,2020
640,酒店评论-1641,茂名东诚智能公寓,房间宽敞无异味，布局合理，设施设备齐全而且很新，性价比高的一家公寓，总之非常满意的一次入住，会继续选择。,2020
641,酒店评论-1642,维也纳国际酒店(茂名万达广场店),环境很好，也很安静，睡得很舒服。,2020
642,酒店评论-1643,茂名蓝海洋酒店,酒店干净卫生，前台接待有礼。有10个左右的地下停车位，二楼有早茶喝，价格便民。 唯独是酒店提供的拖鞋有点臭，这方面真的要改善一下。,2020
643,酒店评论-1644,化州桔龙商务酒店,性价比高，烤青口好吃,2020
644,酒店评论-1645,茂名好来登商务酒店,前面挺满意的，就是后期住的觉得卫生差了点，希望酒店注意杀虫,2020
645,酒店评论-1646,尚客优连锁酒店(信宜银湖路店),环境清静，交通方便，服务态度很好。,2020
646,酒店评论-1647,凯里亚德酒店(茂名高铁站店),我觉得是茂名性价比最高的酒店，电动窗帘，房间很大，装修很现代化，前台服务很好！每次来都是住这里。,2020
647,酒店评论-1648,城市便捷酒店(茂名学府店),各方面都还不错，就是窗帘拉不紧，早上亮，旁边学校上课铃声挺大,2020
648,酒店评论-1649,城市便捷酒店(茂名滨海新区电城店),已扫描到以下内容 环境卫生好，床舒服 设施给力 环境优雅 交通便利 性价比高 位置好 价格实惠 服务热情 非常干净 。房间的隔音也好，我那么浅睡的人都可以睡得舒服，服务态度一如既往地好，有什么问题打电话给前台，她们会很快速地解决你的问题，办事效率高，非常满意,2020
649,酒店评论-1650,凯里亚德酒店(茂名电白万达广场店),第一次来这里玩 第一次住新开张的酒店 很干净……就是不知道为什么很大烟味,2020
650,酒店评论-1651,维也纳国际酒店(茂名高铁火车站店),点评内容你就写：客服管家服务很贴心 提前来电询问客人要求，帮忙房间调成湖景大床房，住的很舒服，房间很干净 而且银湖夜景很漂亮 早餐也很棒，中西式餐点样样俱全，服务都跟的上，下次还会在住这家。,2020
651,酒店评论-1652,茂名荔晶大酒店,大体感觉还是很好，最不好的一点就是，例如住两晚，第二天房卡开不了门，进不去，这个太不好了，希望这点能改善，不要让房客整天往服务台跑,2020
652,酒店评论-1653,凯里亚德酒店(茂名电白万达广场店),新酒店，还在装修，房间有智能声控设备，服务好，前台和客房服务员都很有礼貌，卫生也好，请服务员送来新床单，床单还号热热的，刚消毒过。 唯一吐槽的号电梯太慢了！,2020
653,酒店评论-1654,城市便捷酒店(茂名滨海新区电城店),前台小姐姐挺热情的，停车位虽然不多，但保安主动带领指导停车，下雨了也主动给客人撑伞，服务周到的很，值得推荐[强][强][强],2020
654,酒店评论-1655,麗枫酒店(茂名电白万达广场店),除了毛巾感觉不太卫生以外，环境，服务态度都很好。,2020
655,酒店评论-1656,茂名好来登商务酒店,还可以吧！不是很理想,2020
656,酒店评论-1657,茂名熹龙国际大酒店,酒店整体服务良好，员工彬彬有礼。早餐的品种很多，基本能够满足需求。美中不足就是卫生间的面积较小，稍不注意头会顶撞到卫生间的门把手上。,2020
657,酒店评论-1658,城市便捷酒店(茂名滨海新区电城店),首次入住非常满意，前台服务态度很好，热情，房间卫生打扫得很干净，下次还来入住这家酒店,2020
658,酒店评论-1659,茂名海豚酒店,总体来说还行吧，就是床头两边的插座坏了也没有修理，手机充电什么的都要到书卓那边，比较麻烦。,2020
659,酒店评论-1660,城市便捷酒店(茂名学府店),有停车场，位置方便，周边方便，好像有餐厅，没有上去吃，比较安静适合休息，当天比较累所以一下到天亮了，,2020
660,酒店评论-1661,茂名熹龙国际大酒店,酒店大堂有专人开门，大堂香香的，每个人都笑脸非常亲和，让人感觉很舒服自在，办理入住也非常快，还帮忙送行李进房间，点赞，带着孩子确实需要帮忙。送了水果一次性浴缸垫。真心不错，下次去还住这一家……,2020
661,酒店评论-1662,麗枫酒店(茂名电白万达广场店),服务很好，到前台有花茶和热毛巾，第一个就感觉到特别贴心，然后还很热情帮我提行李到房间，办理入住很快，到房间那一刻感觉很舒适，简洁，早上还配送了早餐到房间，这种服务质量在这个地方真的是少有的一家酒店，酒店位置优越，隔壁就是万达广场了，停车场也很大很宽敞很方便，住过这么多家酒店性价比最高就是这家了，非常棒的入住体验,2020
662,酒店评论-1663,茂名名晟宾馆,环境好，交通便利，价格也不贵。附近蛋糕店非常多呀。 性价比超高，环境真的不错的。非常舒适的一次旅行的。,2020
663,酒店评论-1664,茂名荔晶大酒店,设施挺完善，风景很好，早餐很丰富，味道不错，有机会还会再来,2020
664,酒店评论-1665,柏曼酒店(茂名大道东汇城店),太棒了，酒店很新,2020
665,酒店评论-1666,麗枫酒店(茂名电白万达广场店),新装修的酒店，设施和房内状态非常棒！开门进去，房间内还有装修的味道，除此以外，整个房间非常好。二楼就是餐厅，对外营业，早茶很丰富，人非常多。,2020
666,酒店评论-1667,麗枫酒店(茂名电白万达广场店),房间设备齐全 很满意 有沙发 有洗衣房 冰箱 还有早餐送到房间 体验感非常的不错 服务态度也很好,2020
667,酒店评论-1668,茂名龙栖湾旅馆,环境不错，可以,2020
668,酒店评论-1669,茂名万达广场雅斯特国际酒店,酒店性价比很好，带中式的装潢，很喜欢。就是位置相对没那么好，不在中心区域，自己有车也还算方便。,2020
669,酒店评论-1670,茂名海豚酒店,海滩很好玩，早上去超赞！酒店可以，比较方便！,2020
670,酒店评论-1671,柏曼酒店(茂名大道东汇城店),位置稍远但是其实还好！外卖也比较多，虽然在公路旁边但是我住在4楼不受影响，价格非常的实惠，房间很大，完全超出预期，设施设备完善，一切都很新！以后去也会选择这里，推荐入住。,2020
671,酒店评论-1672,城市便捷酒店(茂名学府店),已第二次住，服务好，卫生也可以的。位置方便。,2020
672,酒店评论-1673,凯里亚德酒店(茂名电白万达广场店),早餐对得上价格，适合带孩子的，位置方便，附近应该是新区，大节人多，吃东西还是比较方便,2020
673,酒店评论-1674,麗枫酒店(茂名电白万达广场店),打开门的那一瞬间 特别的温馨 房间无异味 还有一点点香味 还有一些开关按钮是非常的智能化 床特别的软 特别的舒服 窗帘也是自动的 带女朋友过来不会丢脸,2020
674,酒店评论-1675,茂名观海楼假日酒店,景观不错，视野开阔，酒店楼下就是海边，0距离，最好，停车免费,2020
675,酒店评论-1676,轻住悦享酒店(茂名高铁南站店),交通方便，空气清新,2020
676,酒店评论-1677,茂名观海楼假日酒店,位置很好，出门就是海滩。,2020
677,酒店评论-1678,化州桔龙商务酒店,就在河东车站旁，挺方便的，很实惠,2020
678,酒店评论-1679,茂名诚荟酒店,环境很好，还不错,2020
679,酒店评论-1680,茂名东诚智能公寓,地點很方便，樓下就是東匯城，吃喝玩樂應有盡有，房間裡的設施也很不錯，連續住了三晚了！,2020
680,酒店评论-1681,城市便捷酒店(茂名滨海新区电城店),前台小姐姐很奈斯，热情周到，因为位置繁华，酒店可能是考虑到附近步行街太热闹，还提供免费的降噪耳塞。,2020
681,酒店评论-1682,城市便捷酒店(茂名滨海新区电城店),经济实惠，房间舒适，最重要的是酒店有提供洗衣机和烘干机，冬天马上就到了，这项设备真的的懒人的救星，赞,2020
682,酒店评论-1683,茂名市便捷酒店(高铁火车站店),环境舒适，干净卫生，装修很新，离车站高铁站也近，很满意推荐,2020
683,酒店评论-1684,凯里亚德酒店(茂名高铁站店),位置比较好找，房间卫生洁净，环境很好，五星级标准，虽然在路边，但隔音效果很好，在房间听不到马路上汽车声音，但前台把开给我的房间又开给其他人，睡到半夜有人去刷门禁，把我女儿吓得给我打电话，希望以后不能犯这种低级错误。,2020
684,酒店评论-1685,麗枫酒店(茂名电白万达广场店),位置优越 停车方便,2020
685,酒店评论-1686,茂名荔晶大酒店,环境挺不错的，服务态度也很好,2020
686,酒店评论-1687,Q加·茂名大喜假日酒店,酒店不错，每次去电白都是在这里住，位置好找，就在大路边，房间干净，没有异味，楼下停车也挺方便，酒店不提供早餐！,2020
687,酒店评论-1688,茂名君怡酒店,设备新，卫生干净，房间舒适，楼下又有饮茶的地方，又有超市很方便。,2020
688,酒店评论-1689,茂名市便捷酒店(高铁火车站店),酒店设施非常齐全，前台的小姐姐们态度很好，地理位置得天独厚，就是在汽车站对面，高铁隔壁不到200米，强烈推荐大家去试一下，尤其新开张，卫生都很好,2020
689,酒店评论-1690,茂名南越印象岭南文化主题酒店火车站店,酒店设计的很有南越特色，工艺品很多，书吧也是亮点，位置方便，在繁华商业街，下次有机会的话还会再来入住。,2020
690,酒店评论-1691,麗枫酒店(茂名电白万达广场店),夜班的服务员特别好，前台和保安特别贴心，下次还会再来，不错的一次体验,2020
691,酒店评论-1692,凯里亚德酒店(茂名电白万达广场店),酒店环境很好，服务热情，下次还会再来。,2020
692,酒店评论-1693,尚客优连锁酒店(茂名高铁火车站店),有特别的开床服务，房间小摆件的设计也很有特色。性价比不错，下次还要入住环境优美，地理位置好，交通方便，房间舒适卫生，服务人员很热情，乐于提供各种帮助，早餐丰富。设施很人性化，网络高速信号好，窗外风景好。,2020
693,酒店评论-1694,麗枫酒店(茂名电白万达广场店),酒店前台服务很好！,2020
694,酒店评论-1695,茂名市便捷酒店(高铁火车站店),房间还是不错的，性价比高，唯一不足就是管道水声大！设备房间都是新装修的，还给我免费升级！！值得推荐！！,2020
695,酒店评论-1696,维也纳国际酒店(茂名万达广场店),离客运站很近，位置方便，内部比较高端大气，就是不喜欢门口那个沐足广告，一群女的穿得比较内个，出出入入降低了酒店的档次。,2020
696,酒店评论-1697,Q加·茂名大喜假日酒店,酒店的附近有挺多东西吃的，酒店挺好找，东西也挺齐全。,2020
697,酒店评论-1698,茂名诚荟酒店,房间环境不错，但是灯光太暗！浴巾都破洞了。也不舍的换一换。。。可能是受疫情的影响吧。其他都挺好的。离万达广场较近,2020
698,酒店评论-1699,茂名名晟宾馆,很满意，服务态度好，地理位置好，全五星好评了,2020
699,酒店评论-1700,凯里亚德酒店(茂名电白万达广场店),早餐没吃，不知道怎么样，床还是挺舒服的，下次还会，继续入住,2020
700,酒店评论-1701,茂名海豚酒店,房间很大，卫生干净，舒服，离景点近,2020
701,酒店评论-1702,茂名国际大酒店,在当地应该算是好的，早餐可以，位置方便，便于停车，前台服务待提升，一副皇帝女儿不愁嫁的姿态！,2020
702,酒店评论-1703,茂名市便捷酒店(高铁火车站店),酒店设施都是全新的 服务态度超好的 一百个赞给这家酒店的 能遇上这样便宜的酒店 真是太幸运了 便宜又是好货 最主要服务态度好 刚进门就站起来迎接了 君君妹妹君君妹妹妹,2020
703,酒店评论-1704,IU酒店(茂名人民南路油城大厦店),设施设备很好-空调制冷效果明显，热水给力，无线网好用，电视机高清，服务员很专业，服务热情，入住办理快，没有收押金，卫生情况良好。房间干净，布草干净，大堂明亮，其他也不错，出行方便，打车方便，餐饮店很多，价格实惠 。,2020
704,酒店评论-1705,凯里亚德酒店(茂名高铁站店),酒店在路边但是挺安静的，有地下停车场，设施也很新。房间安静舒适，淋浴室跟洗手盆的热水一打开一两秒就来热水了。枕头硬度也刚刚好。因为行程安排所以需要下午再退房，前台很nice给我免费延迟退房到下午两点了。下次来还住这。,2020
705,酒店评论-1706,Q加·茂名大喜假日酒店,酒店整体来说是不错的，经济实惠，设施都不错，Wifi速度不错，最高10M/S的速度，酒店的日用品都挺齐，卫生不错，可安心入住！,2020
706,酒店评论-1707,凯里亚德酒店(茂名电白万达广场店),酒店最大最大最大的缺点是4楼是卡拉ok，营业到凌晨5点！我住9楼都能听到歌声。酒店周边是建材市场，不是餐饮区。虽然这个酒店品牌我之前住过，也很认可这个品牌。但5点才结束的卡拉ok太吵了，无法忍受！而且因为楼下是卡拉ok，肯定有不少闲杂人等，电视不用刷卡，哪个楼层都能上，外卖也可以直接送到房间，安全隐患大！前台送了早餐，前提是要给五星好评……这样的影响睡眠质量的酒店，无法给出5星好评，宁愿退回送的早餐券！,2020
707,酒店评论-1708,凯里亚德酒店(茂名高铁站店),窗帘是电动的，洗澡水压很足，也很安静,2020
708,酒店评论-1709,茂名东诚智能公寓,环境很好，而且非常新，用的东西比星级酒店还要好。非常喜欢这里，全声控智能感应系统 以后过来出差还是要订这里住,2020
709,酒店评论-1710,Q加·茂名大喜假日酒店,酒店旁边停车位很多、停车方便、这个非常不错、房间大、卫生干净、入住登记手续快、退房前台小姐姐微笑客气、非常满意、下次来水东办事还入住这个酒店、,2020
710,酒店评论-1711,IU酒店(茂名人民南路油城大厦店),连锁酒店还是可信赖的，服务好，还有自助早餐，品种很多，有粥、鸡蛋、蛋糕、炒菜、豆浆、炒饭、捞粉、水果等十几样。选择IU酒店是因为喜欢它的风格，这个酒店位置非常好，离商场、步行街、学校、医院都特别近，门口就有公交车站，共享电动车门口也有很多，过来办事的，出行很方便。最喜欢的还是连锁酒店的服务，热情，笑容很好，问什么都很耐心解答，还问我的要求选择安静的房间，房间卫生也很好，床垫是我住过的酒店里感觉最舒服的，软硬适中，反正就是很好啦！,2020
711,酒店评论-1712,茂名海豚酒店,蛮不错的，就是感觉房间有点不隔音，晚上会有东西掉落的声音,2020
712,酒店评论-1713,茂名熹龙国际大酒店,酒店在茂名市的中心位置，离高铁站非常近，交通很方便，而且酒店提供接送服务，非常人性化。客房干净卫生，还能根据客人的需求提供各种服务，如舒适的床垫枕头等等。餐厅也比较豪华，提供的品种非常多。点赞！,2020
713,酒店评论-1714,茂名观海楼假日酒店,店内设施还行，位置不错早餐是要另外收费的我们起的晚没去试吃，能否另外加床我也不清楚,2020
714,酒店评论-1715,茂名红金鼎商务宾馆,挺好的，性价比高,2020
715,酒店评论-1716,柏曼酒店(茂名大道东汇城店),酒店位置比较偏，都是设施很新，也比较卫生，适合商旅出差，离酒店一公里有一个大型商场，吃饭购物都比较方便,2020
716,酒店评论-1717,茂名熹龙国际大酒店,服务非常好，当天脚疼，晚上入住，进门时一个已下班的职员见到了，二话不说帮我拿行李。 虽然装修有点老，但配置和保养都很好，这个价格性价比没的说。,2020
717,酒店评论-1718,柏曼酒店(茂名大道东汇城店),总体还是不错的,2020
718,酒店评论-1719,茂名熹龙国际大酒店,非常满意的一次行程，酒店免费给我升级为行政房，装修风格独特，很棒，小孩子非常开心，家人满意。,2020
719,酒店评论-1720,茂名南越印象岭南文化主题酒店火车站店,交通方便，环境不错！,2020
720,酒店评论-1721,IU酒店(茂名人民南路油城大厦店),早餐自助挺不错的，服务也挺好，房间环境不错，早上的豆浆是新鲜的，不是冲豆浆粉兑出来的，我也是第一次在那里吃早餐，体验极佳,2020
721,酒店评论-1722,凯里亚德酒店(茂名高铁站店),通便利，停车场也很方便，距离汽车站也很方便，设施很好，维也纳装修风格属于欧式的风格，很温馨。从前台到客房的服务也很贴心，早餐个人认为是在这些酒店里最好的早餐。总的来说，都挺好的。,2020
722,酒店评论-1723,凯里亚德酒店(茂名高铁站店),出差宿迁，一如既往选择凯利亚德酒店，大厅很香，还有免费的自动擦鞋机，房间很温馨整洁，早餐丰富，前台小姑娘服务很热情，周边交通便捷，网速很快，热水很棒，下次还住凯利亚德！值得推荐,2020
723,酒店评论-1724,茂名万达广场雅斯特国际酒店,停车场大，酒店位置好，不能加床，附近有早餐吃，但是早餐一般般。商务出差还是可以的，酒店装修不错，设施还挺好,2020
724,酒店评论-1725,凯里亚德酒店(茂名高铁站店),房间很大，环境十分好。服务也很贴心。早餐选择很多，位置很近高铁，周边设施齐全。有免费停车场。推荐入住。客服很好，十个赞,2020
725,酒店评论-1726,凯里亚德酒店(茂名高铁站店),从海口返回，凌晨六点到达，当天接待的前台小妹妹热情有礼貌。新开业的，酒店价格实在太美。床品都是新的，床跟枕头都非常舒服，卫生十分干净。,2020
726,酒店评论-1727,Q加·茂名大喜假日酒店,和同事开车出差，到电白都很晚了，前台很专业，客气。免费给我们升级了房间。同事们非常满意。下次过来还住这里。,2020
727,酒店评论-1728,茂名君怡酒店,新酒店，位置不错，酒店干净卫生，有地下停车场，性价比超高，虽然不带早餐，但是二楼就是吃早茶的地方，品种繁多，,2020
728,酒店评论-1729,凯里亚德酒店(茂名高铁站店),环境设施不错 服务设施到位 只可以没吃到早餐，其他都还可以 早餐的时间有点早，是一次不错的体验，以后还会来,2020
729,酒店评论-1730,茂名国际大酒店,位置好，房间大，性价比高，员工有服务意识，很热情。 早餐中规中矩，品种还算全，但出品有待提升。 提个意见，办理多N个人入住时，需要在N张纸上签名，太麻烦了，不能打印在一张纸上吗？即麻烦又不环保,2020
730,酒店评论-1731,凯里亚德酒店(茂名高铁站店),本身很疲惫的，一进门口前台很热情问候办理入住，她们的热情都让我感觉到不那么累了，然后进入房间很舒适，真心觉得不错，下次还过来这里,2020
731,酒店评论-1732,城市便捷酒店(茂名学府店),不错性价比很高,2020
732,酒店评论-1733,Q加·茂名大喜假日酒店,位置还是不错的，在新湖二路，整条街都是酒店。上次5月份就是住的这里，住了好几天，感觉还不错，性价比挺高的，对于出差来说，满足了,2020
733,酒店评论-1734,轻住悦享酒店(茂名高铁南站店),早餐种类不算多，但也还可以吃的饱了。房间不是很大，这个价钱的房间都是这样，没什么好说的，整体感觉还行吧，离高铁站走路要25分钟左右，周围还算是比较安静的,2020
734,酒店评论-1735,Q加·茂名大喜假日酒店,总体来说还是可以，又住了几天了，性价比还可以。其他的酒店都会贵一些，楼下也可以停车，停车也算比较方便,2020
735,酒店评论-1736,城市便捷酒店(茂名滨海新区电城店),性价比高，房间非常干净 服务热情服务。态度亲切感 非常好 服务也非常到位。下次还会选择这里。,2020
736,酒店评论-1737,Q加·茂名大喜假日酒店,地段就在路旁比較好找，住宿價格也不貴，實惠。有停車位，酒店門前街的兩邊就有大排擋和酒店及早餐店，還是比較方便的。,2020
737,酒店评论-1738,Q加·茂名大喜假日酒店,酒店位置还是不错的，就在大马路旁边，楼下有停车场，有便利店，距离公园大慨800米的样子。出差的话住还是不错的选择,2020
738,酒店评论-1739,城市便捷酒店(茂名学府店),酒店位置挺好的 方便,2020
739,酒店评论-1740,茂名熹龙国际大酒店,这是我住过服务最好的酒店之一，虽然有些旧，但服务超级好，12号中午到高铁站接车的师傅很热情，一直帮办入住手续送到房间门口，服务好的我都不好意思，酒店免费升级了豪华房，送了水果和晚间绿豆沙，第二天送车也服务很到位，特别是许书治服务员服务很到位，。是一次不错的入住体验。,2020
740,酒店评论-1741,茂名君怡酒店,总体不错，店新干净，床大，被枕舒服。唯一感到的不便是：房间内没有任何柜子，衣物无处放。一般同类酒店的电视机下方会有一条台面，可放些杂物，此房间只有一个小桌面。,2020
741,酒店评论-1742,凯里亚德酒店(茂名高铁站店),性价比不错，服务员态度很好，主动免费给升级了房间！新装修也没有怎么味道，干净卫生，如果细节再做好一点就更好了！,2020
742,酒店评论-1743,茂名君怡酒店,交通方便，前台服务热情，新店设施设备很新，吃喝玩乐周边都有，卫生很干净。,2020
743,酒店评论-1744,茂名荔晶大酒店,整体说还可以吧，酒店位置也挺好的，挺安静、挑舒适的，高楼层的可以看到夜景，我是感觉不错，可以推荐住宿,2020
744,酒店评论-1745,凯里亚德酒店(茂名高铁站店),酒店设施齐全，环境都好，飘窗贼大！！还有垫子！！大堂也很好！！前台小哥哥小姐姐还有保洁阿姨态度也很好，反正都超级棒！洗手间干湿分离也很到位，下次还来！！就是酒店边上只有两个小超市，吃饭的话，外卖还是挺多的，因为边上都是汽配店……但是还是好评！！对了前台还帮我免费升级了房间耶！,2020
745,酒店评论-1746,茂名诚荟酒店,卫生干净 服务态度好 住得很舒适,2020
746,酒店评论-1747,IU酒店(茂名人民南路油城大厦店),性价比很高的酒店，虽然看起来有点旧，但房间还是很大的，卫生干净整齐，进门口前台短发靓女就主动打招呼，感受到热情了，可以给个赞。,2020
747,酒店评论-1748,维也纳国际酒店(茂名万达广场店),首先前台太不专业了，我是归国华侨持中国护照，前台小姐直接说你不能入住，因为要扫描身份证所以护照不行。我说你不懂可以问经理嘛，哪能拒绝客人呢？……。,2020
748,酒店评论-1749,IU酒店(茂名人民南路油城大厦店),住的挺舒服，每次来茂名都住这里，每个房间都有窗户，通风良好，无异味，卫生打扫的也很干净，床上品干净 舒服，浴室干净 整洁，牙具及一次性用品质量好，酒店前台小刘很热情 ，方便便捷，价格不贵，酒店房间很大，宽敞，住起来舒服自在，网络流畅用起来很舒服，工作人员也热情，服务意识很强，隔音也还不错， 其他设施都比较齐全，房间卫生也挺干净，通风良好无异味，离得公交站也比较近，周边吃吃喝喝都有，价格也不贵，性价比蛮不错， 值得推荐的一家酒店。,2020
749,酒店评论-1750,维也纳国际酒店(茂名万达广场店),服务好，环境优美，地置好好,2020
750,酒店评论-1751,茂名泊愉青年公寓,环境好，服务好，卫生干净,2020
751,酒店评论-1752,柏曼酒店(茂名油城七路店),很好平安夜赠送小礼品，感恩！价格实惠，地理位置优越，房间也不错，干净卫生，前台服务超级好,2020
752,酒店评论-1753,麗枫酒店(茂名电白万达广场店),服务热情，态度好,2020
753,酒店评论-1754,轻住悦享酒店(茂名高铁南站店),非常好前台服务好房间大早歺好吃下次来,2020
754,酒店评论-1755,精途酒店(茂名高铁火车站店),可以，房间很大，设施也很好，服务人员态度也很好，就是有一边是靠近路边的，晚上睡觉可能会有车声,2020
755,酒店评论-1756,轻住悦享酒店(茂名高铁南站店),环境不错，服务比较好,2020
756,酒店评论-1757,茂名御景国际大酒店,酒店房间很大，高层住的好舒服，开车过来，地方好找，交通方便，停车也方便。早餐，款式多样。性价比高，值得推荐。,2020
757,酒店评论-1758,茂名御景国际大酒店,酒店前台服务热情，行李生会帮忙拿行李，何南经理会介绍酒店，位置方便，早餐丰富，周边商场餐饮配套成熟，有停车场，房间面积大，装修新，淋浴很舒服，床垫枕头都很舒适。现在住店很优惠呢。,2020
758,酒店评论-1759,茂名御景国际大酒店,酒店高大上，外墙全玻璃幕墙很漂亮，房间内很清洁，人性化设计，布局合理，自助餐丰盛，服务好，下次过来一定选御景国际大酒店住。,2021
759,酒店评论-1760,茂名御景国际大酒店,酒店房间大，大堂很气派，人性化设计，自助餐很丰盛，服务员都很有礼貌，现在过来住很划算，建议大家可以来体验一下。,2021
760,酒店评论-1761,麗枫酒店(茂名电白万达广场店),服务很好 环境也好,2021
761,酒店评论-1762,麗枫酒店(茂名电白万达广场店),喜欢酒店推荐这家店很好,2021
762,酒店评论-1763,轻住悦享酒店(茂名高铁南站店),态度好，卫生好，服务好，房间超大，早餐丰富多样，很满意,2021
763,酒店评论-1764,城市便捷酒店(茂名学府店),酒店不错，挺干净的，光线也很好，唯一的缺点就是稍微有点小了酒店不错，挺干净的，光线也很好，唯一的缺点就是稍微有点小了,2021
764,酒店评论-1765,茂名荔晶大酒店,地理位置不错，停车方便,2021
765,酒店评论-1766,麗枫酒店(茂名电白万达广场店),服务很好网络很好他推荐酒店,2021
766,酒店评论-1767,柏曼酒店(茂名油城七路店),交通便利 服务还是很好！亲切热情招呼， 连保安都会跟你问好 有免费的停车场，停车场位置还挺大，感觉挺不错 房间挺干净，有浴巾，房间也不会有异味，床大住的十分舒服,2021
767,酒店评论-1768,麗枫酒店(茂名电白万达广场店),很好 很不错的 满意推荐酒店,2021
768,酒店评论-1769,麗枫酒店(茂名电白万达广场店),停车方便，住的舒服。,2021
769,酒店评论-1770,城市便捷酒店(茂名水东万达广场区政府店),酒店装饰很漂亮。前台服务态度很好。楼层阿姨服务也很好。还有自助餐挺好吃的。离万达广场特别近，还有停车场,2021
770,酒店评论-1771,麗枫酒店(茂名电白万达广场店),很好 位置优越 经常来 推荐这家酒店,2021
771,酒店评论-1772,麗枫酒店(茂名电白万达广场店),出差首选酒店很好很干净位置很好,2021
772,酒店评论-1773,麗枫酒店(茂名电白万达广场店),很好很满意 酒店首选 服务一流,2021
773,酒店评论-1774,Q加·茂名大喜假日酒店,酒店卫生很干净，房间宽大，床和被子很舒服，前台服务周到，整体来说很不错值得推荐，以后出差当地定点酒店。非常棒！,2021
774,酒店评论-1775,城市便捷酒店(茂名滨海新区电城店),有地下车库，酒店是新的，真的卫生讲究，刷牙和喝水的杯子都是用塑料密封的一次性杯子，布局温馨，前台小姐姐态度好，好看,2021
775,酒店评论-1776,轻住悦享酒店(茂名高铁南站店),发非常好服务很好早餐非常好吃丰富,2021
776,酒店评论-1777,维也纳3好酒店(茂名沿江大厦店),舒服干净整洁舒适,2021
777,酒店评论-1778,麗枫酒店(茂名电白万达广场店),环境不错的，挺好的。前台小姐姐人美声甜服务好,2021
778,酒店评论-1779,茂名荔晶大酒店,酒店设施干净，房间宽敞明亮。前台接待热情。早餐丰富，停车方便，性价比高。,2021
779,酒店评论-1780,麗枫酒店(茂名电白万达广场店),很好，服务好，交通方面特别好，环境特别好。,2021
780,酒店评论-1781,茂名化州丽登酒店,位置优越、服务优秀、卫生干净,2021
781,酒店评论-1782,麗枫酒店(茂名电白万达广场店),非常不错的,2021
782,酒店评论-1783,茂名熹龙国际大酒店,服务极好，可以预定接送站。 会提前通知等待的地方，一出站就帮我提行李箱，然后下车又有人给我接着提着，一直送到客房服务真的很到位 送站也是一样，还会问我们渴不渴，给我们水和湿巾。 早餐自助餐菜式很丰富，吃得饱饱哒 刚住进去就送了一份水果，第二天又送了一份， 我朋友结婚订的房间要熨斗烫衣服，直接送了两个不同样式的上来 最重要是便宜划算，比上次住5星际酒店还好,2021
783,酒店评论-1784,茂名君怡酒店,早餐的品种多，味道也很好，前台的小姐姐个个都很漂亮很热情，服务员也很有礼貌，感觉在这里住，很有家的感觉，下次还会再来。,2021
784,酒店评论-1785,茂名熹龙国际大酒店,很好的酒店，我们提前到了办理入住，房间没有准备好，送了下午茶让我们等候，房间设施不错，早餐也不错，有免费停车场。,2021
785,酒店评论-1786,茂名市便捷酒店(高铁火车站店),酒店位置不错，就在高铁站附近，最主要是价格便宜经济床很大很舒服，房间很干净阿姨每天都会及时打扫，晚上也很安静，前台服务态度也很好，值得推荐给大家。,2021
786,酒店评论-1787,茂名君怡酒店,路过电白区住一晚，交通便利的酒店，还有一个地下停车场，很好。 海景房真能远远看见海浪，不错。 周围吃饭选择多，鸭子粥好吃，有意思,2021
787,酒店评论-1788,麗枫酒店(茂名电白万达广场店),经常入住这家酒店 一如既往的好,2021
788,酒店评论-1789,茂名星城湾国际酒店,镇子上有这么好的酒店，真是没想到。入住体验可以用“惊喜”来形容。新酒店，免费升级了豪华双人间，非常感谢。设施特别好，洗澡的花洒很大，电吹风超级给力。前天非常热情，面带微笑，温暖如春。全五分。下面有一个大超市，买东西很方便。,2021
789,酒店评论-1790,城市便捷酒店(茂名学府店),环境好服务好交通方便,2021
790,酒店评论-1791,茂名永利之家,位置挺方便的,2021
791,酒店评论-1792,茂名万达广场雅斯特国际酒店,车位好多，服务不错,2021
792,酒店评论-1793,城市便捷酒店(茂名滨海新区电城店),酒店附近还是比较热闹的很方便，就是晚上附近闹市稍微吵一点,2021
793,酒店评论-1794,轻住悦享酒店(茂名高铁南站店),非常喜欢这个酒店下次过来房间很大早餐好吃,2021
794,酒店评论-1795,茂名栈泉酒店,早餐丰富，有停车场。,2021
795,酒店评论-1796,化州桐趣电影游戏主题酒店,酒店装修很不错，设备设施新，一楼有很宽敞的休闲区，住得舒适，推荐。,2021
796,酒店评论-1797,茂名观海楼假日酒店,有早餐的餐厅，但我们没去吃，我们来到是闲时。离海边很近，这个位置很好，一家四口都舒服。晚上十点也可在海边吹吹风，很好。酒店提供了免费停车场，外出记得去前台要个二维码停车票。很适合带小朋友入住！安全好玩。,2021
797,酒店评论-1798,茂名星城湾国际酒店,酒店住的舒服，装修风格时尚，房间够大，温馨，交通方便,2021
798,酒店评论-1799,茂名熹龙国际大酒店,十分满意的一次体验，进门小哥一路帮忙拉行李到房间，看到指甲太长又送了指甲套装，房间又免费送了水果、饮料。第二天早餐种类也十分丰富，停车位也比较方便，满分！,2021
799,酒店评论-1800,IU酒店(茂名人民南路油城大厦店),性价比高，房间大小合适，前台短发靓女服务态度很好。,2021
800,酒店评论-1801,凯里亚德酒店(茂名高铁站店),不错，服务态度好，因为有老人，服务员把房间调整了一下，十分感谢，下次有机会再到茂名还是会选择这个酒店,2021
801,酒店评论-1802,茂名君怡酒店,我们前后一共住了4晚，分别体验了在12楼的海景双床房与10楼的海景家庭房，酒店位置非常好，在水东镇的中心地带，去第一滩7、8公里，到红树林步行不到1公里，去海边栈道1公里，二楼就是喝茶的地方，对面就有特色的牛腩粉和捞河粉吃，楼下就是超市。前台服务热情亲切，房间是现代的轻奢装修风格，两种房型房间都非常大，早上能够看到日出，还可以看到远处的海与红树林，海景双床房间有两张1.5米的双床，海景家庭房空间更大，一张1.5米，一张2米大床，非常舒适，适合带孩子的家庭入住。房间内桌椅配套齐全，厕所空间设计合理，使用方便，洗澡水够大，只是海景双床房间少了衣柜，对于住几天的客人有点不方便。12楼清洁阿姨热情主动和客人打招呼，前台小姐姐主动询问客人入住感受体现了人文的关怀。总体感觉比同类型的酒店性价比更高，极力推荐入住，建议厕所门后多安装一些挂勾，沐浴房内加多一条短短的凉衣的不锈钢，方便需要洗衣服滴干水。,2021
802,酒店评论-1803,IU酒店(茂名人民南路油城大厦店),房间很漂亮，喜欢那沙发的颜色，性价比高，过年没涨价，前台湖南靓女服务态度很好。,2021
803,酒店评论-1804,茂名海豚酒店,交通方便，环境好、房间干净,2021
804,酒店评论-1805,轻住悦享酒店(茂名高铁南站店),非常好早餐好前台服务好,2021
805,酒店评论-1806,Q加·茂名大喜假日酒店,酒店位置不错 热水供应也足 就是床有一股臭味 另外建议换一种拖鞋 拖鞋的胶臭味真的太浓了,2021
806,酒店评论-1807,凯里亚德酒店(茂名高铁站店),1.喜欢。 2.早餐不错，品种多。 3.服务态度好，家人觉得很贴心。 4.有停车位。由于市区停车难，我们都是打车来往，距离景点短。,2021
807,酒店评论-1808,茂名海豚酒店,还行，就是隔音还差点。,2021
808,酒店评论-1809,茂名熹龙国际大酒店,酒店的环境、卫生、服务、设施、位置、价格是我住过的酒店中最好的，服务真是好，门口小哥主动帮你拿行里，办理入住，又帮你送到房间，有免费的停车场，位置在市区中心，后是广场，马路对面是商场步行街，早餐又比较丰富，这是我住过的性价比最高，服务最好，设施最豪华的酒店。,2021
809,酒店评论-1810,精途酒店(茂名高铁火车站店),早餐还不错，有停车场，酒店位置在路边好找。,2021
810,酒店评论-1811,茂名国际大酒店,干净卫生，地点好，楼下各种方便，下次还会再来。服务也是非常不错的。厕所干湿分区，这个是我非常满意的地方。,2021
811,酒店评论-1812,麗枫酒店(茂名电白万达广场店),住的舒服，早餐丰富，前台服务态度特别好，有求必应！,2021
812,酒店评论-1813,城市便捷酒店(茂名学府店),附近的环境很安静、附近好多吃的，让在外的人，感受到了归家的感觉：旅馆环境真的很干净，各种设施齐全，这里有温馨如家的环境，前台服务也是很和善态度很好，还有那周到齐全的全天候服务。如果有机会，我还会来这里。 干净干净干净干净干净，重要的事情要说好几遍哦，这是我对这家这家旅馆最大的感触。,2021
813,酒店评论-1814,轻住悦享酒店(茂名高铁南站店),非常棒的一个酒店,2021
814,酒店评论-1815,茂名海豚酒店,环境不错，交通方便。,2021
815,酒店评论-1816,维也纳国际酒店(茂名电白店),酒店所有工作人员的服务态度都很好，还帮忙赠送了早餐，酒店的早餐品种繁多，味道还可以，房间里撒了薯片客房阿姨也非常乐意帮忙清扫，走的时候遗漏了ipad也及时收到酒店前台的来电，帮忙叫顺丰寄了上来，下次回老家还要订这间酒店,2021
816,酒店评论-1817,茂名荔晶大酒店,环境好，卫生服务态度好,2021
817,酒店评论-1818,IU酒店(茂名人民南路油城大厦店),性价比高，房间干净卫生，出行方便，停车方便，前台短发靓女服务态度好，下次还来。,2021
818,酒店评论-1819,茂名熹龙国际大酒店,不过，位置很多，隔壁就是人民广场，对面就是步行街，酒吧街…氛围很棒,2021
819,酒店评论-1820,麗枫酒店(茂名电白万达广场店),服务态度很好很满意,2021
820,酒店评论-1821,维也纳国际酒店(茂名电白店),"如即往的满意!出差茂名电白,一定会选择维也 纳酒店,位置交通便利……服务人员态度不错 次一定会再选择",2021
821,酒店评论-1822,茂名鑫都宾馆,很差劲，空调跟拖拉机似的，吵一夜。床上还有螨虫咬，被子有异味。不是定了不能退，勉强将就。Wifi 还不是每间客房独立，公共Wifi，不安全。连3星都不该上的评分，为什么会有4.1的总评？,2021
822,酒店评论-1823,凯里亚德酒店(茂名高铁站店),1.位置挺好，周边环境不错。楼下便利店餐饮都有。 2.窗户隔音好，房间安静，住着舒服。 3.设备设施都挺好用。 4.装修设计很精致、房间格局好。 5.早餐还行。 6.酒店服务挺好。,2021
823,酒店评论-1824,城市便捷酒店(茂名学府店),还是不错的 但偶尔会有些噪音,2021
824,酒店评论-1825,城市便捷酒店(茂名学府店),还不错，整体来说还不错,2021
825,酒店评论-1826,茂名诚荟酒店,离万达很近，吃饭逛街方便,2021
826,酒店评论-1827,轻住悦享酒店(茂名高铁南站店),停车方便，有早餐价格经济很好,2021
827,酒店评论-1828,凯里亚德酒店(茂名高铁站店),前台服务很棒，房间很大，配套齐全。,2021
828,酒店评论-1829,轻住悦享酒店(茂名高铁南站店),服务很好早餐好吃停车场很大，前台好像亲人一样热情棒棒哒,2021
829,酒店评论-1830,轻住悦享酒店(茂名高铁南站店),非常好早餐好吃服务很好,2021
830,酒店评论-1831,城市便捷酒店(茂名学府店),总体还是可以的，环境不错，我是去考试住的，离学校很近，走路也就十多分钟，房间配套设施还是很齐全的，在酒店中算中上吧！,2021
831,酒店评论-1832,IU酒店(茂名人民南路油城大厦店),高低两个枕头 照顾顾客需要,2021
832,酒店评论-1833,茂名万达广场雅斯特国际酒店,挺方便的，一出门就是大马路,2021
833,酒店评论-1834,茂名熹龙国际大酒店,早餐丰盛、服务周到、设施齐全，水果+水吧+下午茶+宵夜粥……楼外环境很好，人民公园，每次来必住，值得选择。,2021
834,酒店评论-1835,轻住悦享酒店(茂名高铁南站店),非常棒服务很好停车场很大早餐好吃下次还会回来住,2021
835,酒店评论-1836,城市便捷酒店(茂名学府店),紧凑型，过得去吧，住的话靠近马路这边可能会安静睡得好些，靠学校有点吵,2021
836,酒店评论-1837,茂名名晟宾馆,不错的。房间很整洁。,2021
837,酒店评论-1838,麗枫酒店(茂名电白万达广场店),酒店是今年新开的，设施较新也齐备，卫生也不错。酒店对面是万迖广场，购物方便；附近还有美食街，吃饭也方便。酒店门前和后院可停车，方便自驾者；当然离老城区较远。,2021
838,酒店评论-1839,城市便捷酒店(茂名学府店),早餐中规中矩，能带孩子啊。,2021
839,酒店评论-1840,麗枫酒店(茂名电白万达广场店),环境挺好的，走过去电白万达广场5分钟不用，房间设施齐全，干净。早餐是送到房间门口的，而且还不错。就是睡到早上6点多7点的时候不知道楼上还是楼下装修，一直在响，8点左右就没吵了，希望下次再入住没有这种情况了。,2021
840,酒店评论-1841,麗枫酒店(茂名电白万达广场店),前台接待人员热情周到,2021
841,酒店评论-1842,城市便捷酒店(茂名学府店),位置好找，还行,2021
842,酒店评论-1843,茂名柏丽酒店,环境一般，卫生还可以,2021
843,酒店评论-1844,茂名诚荟酒店,什么都好就是隔音差点，隔壁是KTV不好睡觉,2021
844,酒店评论-1845,城市便捷酒店(茂名学府店),连锁的酒店，不错，很干净,2021
845,酒店评论-1846,凯里亚德酒店(茂名电白万达广场店),不错，中间虽然出现了小插曲，前台马上进行了弥补，服务还是很棒的,2021
846,酒店评论-1847,凯里亚德酒店(茂名高铁站店),新开的酒店，用品都很新，前台服务也特别好。房间有烟味，前台小哥哥立马更换了其他房间，处理高效。推荐入住！,2021
847,酒店评论-1848,茂名熹龙国际大酒店,酒店卫生做得挺好！早餐挺丰盛的，也很卫生。服务特别好，细致周到，态度好！行李生特别好特别贴心。愉快的住宿体验,2021
848,酒店评论-1849,Q加·茂名大喜假日酒店,房间宽大，特别是那个桌子方便，还有两把椅子可以坐着聊天比较舒服。楼下就能免费停车,2021
849,酒店评论-1850,麗枫酒店(茂名电白万达广场店),设施环境卫生还是挺不错的，房价在这种四五线小城市相对高了一点。不过商务出差的话性价比还是不错的。,2021
850,酒店评论-1851,茂名市便捷酒店(高铁火车站店),各方面都可以，热水非常爽，就是没有电蚊香，晚上会有蚊子。周边挺……荒凉的，没什么好玩的。这个价钱我觉得没话说了，nice！,2021
851,酒店评论-1852,凯里亚德酒店(茂名电白万达广场店),地方好找，停车场大，干净卫生,2021
852,酒店评论-1853,茂名御景国际大酒店,不错性价比高舒服,2021
853,酒店评论-1854,茂名御景国际大酒店,回去过清明节定的 前年路过就想着后面要住 高速下来很快就到 酒店还有早茶和海鲜吃 很方便 价格也不贵,2021
854,酒店评论-1855,轻住悦享酒店(茂名高铁南站店),非常好服务好早夕好吃,2021
855,酒店评论-1856,茂名御景国际大酒店,回茂名依然选择这个酒店，服务很周到，环境也很完美，床品呀各方面都很舒服！隔音效果好，特别要给服务员好评，很不错,2021
856,酒店评论-1857,轻住悦享酒店(茂名高铁南站店),非常好酒店早餐好吃停车场很大,2021
857,酒店评论-1858,凯里亚德酒店(茂名电白万达广场店),非常好，环境好，停车场大,2021
858,酒店评论-1859,城市便捷酒店(茂名学府店),过来这边考试，旁边的学校有时候会有点吵，其他时候是安静的。床好大好舒服呀，而且酒店的前台都很好人！！,2021
859,酒店评论-1860,茂名御景国际大酒店,酒店房间挺好，房型面积设备这些可以媲美部分五星，早餐环境一般，餐厅不大，餐食种类还行。总体来说性价比很高，推荐入住。 PS：不能加婴儿床,2021
860,酒店评论-1861,茂名国际大酒店,酒店卫生好！早餐非常丰富，床特别舒服！房间大，服务非常好！停车场大！近地铁口！周边生活非常方便！值得入住！,2021
861,酒店评论-1862,茂名熹龙国际大酒店,出差来这里，酒店环境不错，房间很干净，早餐在西餐厅，品种很多，每天下午有水果或者小饮料，晚上有宵夜送到房间。服务员态度很好，主动帮忙拿行李。周边很繁华，餐厅很多。酒店下楼就是人民广场，可以走步，环境很好，值得来入住的。总之，很满意[Happy],2021
862,酒店评论-1863,茂名诚荟酒店,都很好下次再来,2021
863,酒店评论-1864,Q加·茂名大喜假日酒店,地理位置优越，停车方便，房间舒适干净，前台美女待客热情，非常棒！,2021
864,酒店评论-1865,茂名海豚酒店,靠海滩挺近的，方便，送了停车费，还不错！,2021
865,酒店评论-1866,凯里亚德酒店(茂名电白万达广场店),酒店干净卫生舒适，早餐丰富，前台小姐姐服务热情,2021
866,酒店评论-1867,茂名御景国际大酒店,酒店房间新净舒适，性价比高。,2021
867,酒店评论-1868,茂名海豚酒店,位置好找，停车方便。房间很宽敞，床也很舒服，服务态度挺好，出门也很方便。挺适合我们这种经常性出差的人士！,2021
868,酒店评论-1869,轻住悦享酒店(茂名高铁南站店),很好服务很好早餐很好停车场很大,2021
869,酒店评论-1870,茂名君怡酒店,这个酒店在市中心位置，周边吃饭购物都很方便。每次路过必住，性价比很高。装修很好，房间里面配的物资档次不错，值得推荐,2021
870,酒店评论-1871,轻住悦享酒店(茂名高铁南站店),卫生干净整洁服务很好早餐好吃棒棒哒,2021
871,酒店评论-1872,麗枫酒店(茂名电白万达广场店),服务还可以，定了5间房，房间很大。二楼有餐厅可以用餐，价格合理。有免费停车场很方便。离万达很近，附近的早茶也多。,2021
872,酒店评论-1873,Q加·茂名大喜假日酒店,服务态度超级好啊！而且房间很干净！挺齐全的！性价比来讲！真的挺推荐的！而且蛮安静的！就，好评！很棒！,2021
873,酒店评论-1874,凯里亚德酒店(茂名电白万达广场店),感觉一般般，价格有点高了，所以看时段订房，有时有优惠，你的看法康复疗法克利夫兰，疯狂福利福利福利经典款,2021
874,酒店评论-1875,麗枫酒店(茂名电白万达广场店),酒店的位置赞一个，逛街看电影太方便啦，楼下就是万达广场！房间的设施也还行，前台服务很好，很快就办理完入住了，性价比很高,2021
875,酒店评论-1876,茂名诚荟酒店,安静，舒适，服务到位,2021
876,酒店评论-1877,精途酒店(茂名高铁火车站店),地下停车场很难停，楼上车位经常满位。铁路旁边，火车来往比较嘈杂。附近都是装饰建材，吃饭麻烦，附近只有家茶餐厅吃饭较贵。,2021
877,酒店评论-1878,轻住悦享酒店(茂名高铁南站店),酒店非常干净整洁，地理位置优越,2021
878,酒店评论-1879,柏高酒店(茂名高铁站店),酒店位置特别好，就在茂名高铁站对面。外观高档，房间简约奢华，卫生非常干净。虽然是新装修，但完全无装修的味道。酒店设有自助洗衣房，非常方便。门前有免费大型停车场，非常适合商务人士及自驾游出行。服务人员热情礼貌，非常nice。作为一位经常出差住酒店的人，在茂名我强烈推荐这家酒店。,2021
879,酒店评论-1880,麗枫酒店(茂名电白万达广场店),不错，离电白万达挺近的，出行比较方便，早餐是送到房间的，比较简单的早餐，吃的还可以，房间挺宽敞的，就是晚上睡觉隔音一般,2021
880,酒店评论-1881,茂名熹龙国际大酒店,园景房刚好看到楼下人民广场，风景独好，特意挑了有浴缸的房间，小朋友玩得很开心。第一晚送了红豆沙、第二天又送了面膜，很贴心。唯一一个建议，卫生间有点陈旧了，可以美缝翻新一下，还有就是，整个卫生间都没有一个架子可以放东西，洗澡想放衣服不方便。,2021
881,酒店评论-1882,茂名海豚酒店,前台服务很不错！如果仅是为了到第一滩玩，这个是非常好的选择。,2021
882,酒店评论-1883,维也纳国际酒店(茂名万达广场店),酒店干净，服务好，早餐还可以。附近有万达广场可以走走，旁边有一个吃饭地方，味道还行，不过吃那个鸡有点小贵。,2021
883,酒店评论-1884,茂名御景国际大酒店,早餐干净式样多，环境卫生，设施新，可以说物美价廉，在深圳这种类型酒店一般最少一千多吧，值得推荐，健身房也大，设施齐全，有个自助洗衣房就好了,2021
884,酒店评论-1885,星悦酒店(茂名文化广场店),房间整洁 很好,2021
885,酒店评论-1886,柏高酒店(茂名高铁站店),酒店是4月底开业的，卫生、装修、设备都很新，刚进房还有一点点装修味，一会儿就没啥感觉了，窗帘和电视都是插卡自动启动的，洗澡的时候会自动播铁达尼号，第一次去的话要做好心理预设，不是遇到什么灵异事件哈哈哈。 酒店是不含早餐的，但入住体验真的很好，反正去之前对比了多家，感觉这家性价比最高，主要因为酒店新还有优惠。,2021
886,酒店评论-1887,茂名御景国际大酒店,出差来到这边这个酒店位置好近万达去海边也近性价比高服务好下次还来,2021
887,酒店评论-1888,柏高酒店(茂名高铁站店),酒店位置定位准确好找，出入方便，虽在客运中心楼上，但没有想象中的杂乱和吵闹。门头和房间设计时尚、大方，与酒店简介相符。前台小妹接待热情，停车场在门口。还送水果挺好的。,2021
888,酒店评论-1889,茂名御景国际大酒店,满意！档次高！很豪华！,2021
889,酒店评论-1890,茂名柏丽酒店,酒店舒适，出行方便！,2021
890,酒店评论-1891,凯里亚德酒店(茂名电白万达广场店),房间干净，前台服务态度好,2021
891,酒店评论-1892,Q加·茂名大喜假日酒店,多次入住了，性价比很高，价格会有浮动，不是每次都一个价，停车偶尔有点难，旁边空地晚一点就停满了。其他都还可以，不错！,2021
892,酒店评论-1893,凯里亚德酒店(茂名高铁站店),环境很好，入住挺舒服的，就是可能在路边那一侧晚上有火车经过有点响，环境是新的，各方面设施不错，总体来说很推荐！,2021
893,酒店评论-1894,城市便捷酒店(茂名学府店),每次来这办事，必定入住这里,2021
894,酒店评论-1895,茂名海豚酒店,位置很好，干净，服务态度很好，离沙滩几百米，停车免费，吃在附近大排档很多选择，性价比高,2021
895,酒店评论-1896,茂名海云雁酒店,早餐很棒喔，餐厅的东西也很好吃哦,2021
896,酒店评论-1897,茂名熹龙国际大酒店,位置好，服务好，酒店装修上档次，停车方便，周边餐厅丰富，人民广场的小公园很赞，对面餐饮也不错，丰俭由人，可选择余地大，非常好的一家酒店,2021
897,酒店评论-1898,轻住悦享酒店(茂名高铁南站店),非常好停车场很大早餐好吃,2021
898,酒店评论-1899,柏曼酒店(茂名大道东汇城店),房间很大 卫生不错 就是抽水马桶坏了前台派人来的有点慢其他都挺好 伯曼酒店是个不错的选择 值得入住。,2021
899,酒店评论-1900,麗枫酒店(茂名电白万达广场店),酒店不错，房间大，设施齐全，卫生好，停车方便。旁边是区行政服务中心，对面是万达广场。早餐是送到房间的，这是我不中意，堂食会多一点选择。,2021
900,酒店评论-1901,茂名观海楼假日酒店,出来正门就是海滩，入住的旅客可以免费在酒店门口洗干净脚上的沙才上酒店，订的房子有窗口，但是没看到海，不足就是厕所排气一般，而且没有地漏，容易积水。门锁反锁有点坏，锁不上，貌似有公共阳台可以晾衣服。隔音一般，走廊人说话听得比较清楚。空调到半夜会自动调档，所以晚上热醒了。,2021
901,酒店评论-1902,茂名海豚酒店,服务很周到,2021
902,酒店评论-1903,茂名万达广场雅斯特国际酒店,很好住起来很舒服,2021
903,酒店评论-1904,凯里亚德酒店(茂名电白万达广场店),房间很大，很干净，前台服务态度好,2021
904,酒店评论-1905,茂名御景国际大酒店,酒店较新设施也可以，但是还可以改进：房内没有夜灯，只能拉开窗帘借光。空调关了还有冷气，只能捂着大厚被子。早点七点半才备齐，本来我们有事七点要吃的,2021
905,酒店评论-1906,轻住悦享酒店(茂名高铁南站店),服务好，卫生好,2021
906,酒店评论-1907,茂名君怡酒店,酒店位于电白的城中心，周边餐饮很方便，离海也很近，出行非常方便，房间卫生做的干净细致，前台服务很好。停车方便。设备设施都很新，床睡的很舒服。,2021
907,酒店评论-1908,麗枫酒店(茂名电白万达广场店),有停车场，很方便，酒店很干净！挺新的。而且这家店还很有爱！,2021
908,酒店评论-1909,茂名万达广场雅斯特国际酒店,景色很好，很舒服,2021
909,酒店评论-1910,凯里亚德酒店(茂名电白万达广场店),房间很干净，空间有点小,2021
910,酒店评论-1911,Q加·茂名大喜假日酒店,位置好，性价比高，干净整洁，服务好，房间很大，前台小姐姐都好热情，服务很到位，房间独立WIFI信号超强，有免费的洗衣机，房间用品，一客一换，有免费停车场，房间隔音好，有免费的矿泉水，酒店都有消毒，入住很放心，推荐这家酒店。,2021
911,酒店评论-1912,Q加·茂名大喜假日酒店,房间设施齐全，干净整洁卫生，隔音效果很好，独立网络，免费提供矿泉水喝，免费洗衣，前台小姐姐服务态度很亲和，真心不错，出差首选之店。,2021
912,酒店评论-1913,茂名荔晶大酒店,酒店地段不错，交通便利，房间大，酒店年份有点老，设施一般，空调不制暖，冷天入住太冷。早餐也还可以，附近餐饮店选择多。,2021
913,酒店评论-1914,轻住悦享酒店(茂名高铁南站店),服务态度超好，卫生，早餐好,2021
914,酒店评论-1915,茂名蓝海洋酒店,还可以吧。。,2021
915,酒店评论-1916,柏高酒店(茂名高铁站店),已经多次预定，新开没多久，个人感觉还是挺经济实惠，比较干净，服务态度也好！停车位充足！各方面也是挺满意,2021
916,酒店评论-1917,茂名红天旅馆,交通便利，晚上也不算特别吵，服务态度很好，经济实惠，停车位很少，需要路边找地方停车，其它还算可以的，放心选择,2021
917,酒店评论-1918,凯里亚德酒店(茂名高铁站店),挺不错的，装修的挺好的，是我喜欢的风格，被子枕头挺软的，体验感不错,2021
918,酒店评论-1919,化州森思思酒店,还好不错吧,2021
919,酒店评论-1920,维也纳3好酒店(茂名沿江大厦店),服务好卫生好，满意,2021
920,酒店评论-1921,维也纳国际酒店(茂名万达广场店),酒店环境很好哟，前台服务也很好，点赞,2021
921,酒店评论-1922,茂名星城湾国际酒店,酒店位置好环境不错，干净卫生,2021
922,酒店评论-1923,茂名茂南高山九树公寓,安静，适合睡觉，床垫也够结实，不是很软很软的那种床垫，我是有点腰间盘突出的睡不得很软很软的，九树的刚好合适，点赞,2021
923,酒店评论-1924,茂名华燕宾馆,性价比不错,2021
924,酒店评论-1925,华海酒店(茂名高铁站店),高铁站，客运站，商业街，美食街都在酒店附近，酒店环境很好。,2021
925,酒店评论-1926,茂名星城湾国际酒店,每次去都是住这里，服务很好，房间大气 ，价格非常实惠，在这个小地方能住到这么优惠的价格非常实惠，以后还去住这里。,2021
926,酒店评论-1927,柏曼酒店(茂名油城七路店),非常满意，住的很舒服，服务很热情，房间又干净,2021
927,酒店评论-1928,茂名熹龙国际大酒店,订了行政商务单间，入住后帮我免费升级到套房，建议要免费升级最好还是在入住前就处理，省得换房的麻烦。酒店的地理位置不错，旁边就是人民广场，周边商业设施齐全。酒店装修已经有点年代感了，属于欧式风格，虽然有点陈旧，但看得出刚开幕时的风光。房间隔音效果不错，就是空调有点不行，套房的客厅空调很强，但是卧室就不行了，请了电工过来处理，略有改善，但在茂名高温天气下，还是略显不够力。浴室一次性洗浴用品质量不错，毛巾厚实，吸水力强。淋浴房上水大，下水快，水温适宜，洗澡很舒服。就是没有插座，无法使用吹风机，只能在房间里面找插座，在没有镜子的情况下吹头发，很不方便。真不知道浴室墙壁上剃须刀专用插座还有人会用吗？为什么不去改装成一般插座呢？水龙头的设计也是冷热分开，使用也是不方便。床和被子都挺舒服，就是枕头太软，不是很舒服。我住了3天，但是房间内的赠饮就给了一天，有点奇怪。每天都有提供免费水果及糖水，非常贴心的服务。客厅桌上放了茶具，却没提供茶叶，也有点不到位。健身房去了两次都碰上休息时间，目测设备还不错。3楼茶餐厅味道真棒，价格又便宜。行政酒廊说是因疫情的原因关闭，我觉得这个理由无法接受，不能把自己的问题全部都推给疫情。早餐应该是我吃过最差最差的了，先煮面没有浇头，也完全没有热炒的柴，只吃了1天，另外两天都叫了外卖，实在太糟糕了。外卖建议还是请服务员送上来，而且现在机器人都是标配了，用这个送外卖，也可以帮客人省了不少事。 服务人员的态度都非常不错，值得表扬。,2021
928,酒店评论-1929,柏高酒店(茂名高铁站店),我觉得这个酒店很好，希望不要因为我全打了五分就涨价，那不然以后都差评好了，还有就是上楼不乘坐电梯上二楼。,2021
929,酒店评论-1930,茂名观海楼假日酒店,多次入住，一线海景，房间整洁，自有停车场，停车方便，工作人员服务态度非常好，细致友善，感觉舒适，性价比高。,2021
930,酒店评论-1931,化州桔龙商务酒店,这个酒店价格不贵，实惠，性价比高，就是呢没有早餐，其他各方面还可以吧，毕竟价钱摆在那里的呢，已住了几次了,2021
931,酒店评论-1932,城市便捷酒店(茂名滨海新区电城店),可以，现场舒服,2021
932,酒店评论-1933,柏曼酒店(茂名油城七路店),非常满意，very nice!朋友推荐，所以就毫不犹豫订了这家酒店，首先，交通比较方便，有地下和露天停车场，出门口往右手边上去就是茂名最大的购物广场东汇城，吃喝玩乐都不愁。其次，就是服务，服务哇塞超级热情，一流贴心，我朋友是会员，所以我也沾了他的光享受了早餐还有牛奶水果和糖水，出门还贴心提醒我做好防护带好口罩，回来由于下雨工作人员贴心拿雨伞过来撑我，真是服务太暖心了。还有就是房间很大，特别特别干净无死角！说实话本次住宿真的很满意很超值，棒,2021
933,酒店评论-1934,茂名君怡酒店,住了三天 新装修 楼下可以喝茶 出入很方便 下次还会选择这个,2021
934,酒店评论-1935,凯里亚德酒店(茂名电白万达广场店),环境优雅，干净整洁！,2021
935,酒店评论-1936,唐华商务酒店(茂名高铁火车站店),房间内都还不错，面积足够大，还是老问题，里面没有塑胶拖鞋，只有一次性纸拖鞋，卫生间得赤脚，很危险，房间也没有衣架,2021
936,酒店评论-1937,茂名御景国际大酒店,停车方便还免费 有两份自助早餐 免费健身游泳 服务很好 性价比很好,2021
937,酒店评论-1938,茂名熹龙国际大酒店,服务很周到！我自己洗的衣服，服务员还帮我拿去烘干了,2021
938,酒店评论-1939,精途酒店(茂名高铁火车站店),早餐还不错，有停车场！,2021
939,酒店评论-1940,轻住悦享酒店(茂名高铁南站店),挺不错的，下次还会选择，房间干净，服务到位，有礼貌，入住体验挺好，停车也方便，假如能送早餐更好了，哈哈,2021
940,酒店评论-1941,华海酒店(茂名高铁站店),酒店环境不错，一楼大堂还有养生茶，服务态度很好啊！房间卫生干净，值得推荐,2021
941,酒店评论-1942,华海酒店(茂名高铁站店),酒店环境不错啊！服务态度很好！卫生干净，一楼还有点心，茶水,2021
942,酒店评论-1943,柏高酒店(茂名高铁站店),新开酒店还不错，干净卫生，前台服务好，给免费升级豪华大床房，还赠送早餐，但是起不来那么早去吃。位置很好，住酒店停车免费，不错不错！,2021
943,酒店评论-1944,华海酒店(茂名高铁站店),酒店环境不错啊！服务态度很好！值得的推荐一下。,2021
944,酒店评论-1945,华海酒店(茂名高铁站店),酒店环境不错！很好！服务很贴心啊！房间卫生很干净，住的很舒适，值得推荐一下，下次再入住。,2021
945,酒店评论-1946,轻住悦享酒店(茂名高铁南站店),附近的吃的挺多的，距离火车站也很近，下了火车走路过来了。缺点就是我住的那个房间4010。卫生间超级无敌臭。地漏反味！别的都还可以，毕竟价位在这摆着了。性价比还是很高的,2021
946,酒店评论-1947,精途酒店(茂名高铁火车站店),早餐还不错！酒店位置就在路边，有停车场。,2021
947,酒店评论-1948,城市便捷酒店(茂名学府店),设施齐全，服务很好,2021
948,酒店评论-1949,城市便捷酒店(茂名学府店),好，服务态度好,2021
949,酒店评论-1950,凯里亚德酒店(茂名高铁站店),干净，设施折，服务满意,2021
950,酒店评论-1951,茂名观海楼假日酒店,酒店位置就在第一滩风景区海岸边上，附设大型免费停车场，所订购客房无早餐供应。酒店环境整洁，客房干净舒适，非旺季价廉物美。附近可游览的还有晏镜岭、童子湾景点；此外，清晨时分还可前往海滩，参观当地渔民的海捕生产。以下照片是：晏镜岭、童子湾、渔民海捕。,2021
951,酒店评论-1952,华海酒店(茂名高铁站店),酒店环境不错啊！住的很舒服，房间卫生很干净，一楼大堂还提供茶点，养生茶，服务很周到，很热情，值得推荐一下，下次再入住这家酒店，感受家的温暖。,2021
952,酒店评论-1953,Q加·茂名大喜假日酒店,酒店位置不错，前台小姐姐服务态度很好，卫生干净，环境不错，价格特亲民，每次出差都是住这里,2021
953,酒店评论-1954,城市便捷酒店(茂名学府店),海伦凯勒你拥有,2021
954,酒店评论-1955,茂名君怡酒店,干净卫生，宽敞舒适，大堂接待很礼貌，酒店不是很大，休闲配套有限，个人认为达不到正规4星标准，要求不高的旅行，商务还可以的，简约。,2021
955,酒店评论-1956,茂名观海楼假日酒店,房间卫生很干净，服务态度好、离海边很近门口就是海滩了很方便……,2021
956,酒店评论-1957,茂名观海楼假日酒店,很满意的一次入住体验，推荐哦,2021
957,酒店评论-1958,茂名观海楼假日酒店,看网上推荐过来这边的。果然不负众望。酒店环境可以。位置也好找。前台小姐姐也热情。卫生收拾那些都很干净。出门就能看见海边很，方便，不用走很远。值得推荐。,2021
958,酒店评论-1959,茂名观海楼假日酒店,非常满意的一次旅游，服务态度热情，房间大，而且非常近海边，门口就是沙滩，游泳非常方便。酒店的停车场也非常大，很方便停车，而且还有免费停车票。房间价格也便宜，以后暑假了还会带小孩过来玩。强烈推荐。,2021
959,酒店评论-1960,城市便捷酒店(茂名学府店),设施完善，干净卫生，服务周到,2021
960,酒店评论-1961,凯里亚德酒店(茂名电白万达广场店),酒店风格还可以,2021
961,酒店评论-1962,茂名观海楼假日酒店,酒店的服务很好，客房卫生干净，交通便利位置好找，离海边很近，而且还免费停车，装修风格也是我们一家都比较喜欢的，过来旅游住宿不要错过观海楼假日酒店哦。,2021
962,酒店评论-1963,IU酒店(茂名人民南路油城大厦店),前台文文服务态度很好,2021
963,酒店评论-1964,轻住悦享酒店(茂名高铁南站店),酒店位置挺好，有公交也方便打车，离第二天要去的地方近，周边便利店比较多，前台服务态度很好，开发票很快，房间设施齐全，卫生干净，网速可以，热水给力，适合出差居住,2021
964,酒店评论-1965,城市便捷酒店(茂名学府店),出行方便，就在大学,2021
965,酒店评论-1966,城市便捷酒店(茂名学府店),停车位比较少，早餐够吃饱,2021
966,酒店评论-1967,柏高酒店(茂名高铁站店),装修还是可以的，洗澡的时候打开水开关就开始放歌了，歌挺好听的，有位置停车，但感觉被子不够舒适，其他还行一般，楼下好像就是客运站。,2021
967,酒店评论-1968,茂名观海楼假日酒店,性价比较高的酒店，感觉比较满意的度假，服务热情。客房卫生条件较好。房间宽敞，设备齐全。有个很大的停车场，而且有免费停车票，门口就是海边，游泳非常方便，强烈推荐。,2021
968,酒店评论-1969,茂名观海楼假日酒店,适合带孩子，离沙滩几步距离，有免费停车票，房间干净，前台服务热情。强烈推荐。,2021
969,酒店评论-1970,华海酒店(茂名高铁站店),酒店周边好多吃的玩的。前台接待热情，笑容甜美。酒店还有专人帮忙 洗衣服，送糖水，这种价格配这么多服，不错哦。房间卫生干净整洁，独立空调，床是最让我满意的，非常舒适，感觉酒店很不错。酒店交通便利，高铁站，汽车站附近有，停车方便，周边好多吃的玩的。,2021
970,酒店评论-1971,茂名观海楼假日酒店,房间干净卫生，前台服务热情，门口就是沙滩，游泳非常方便，而且有免费停车票，已是第二次入住，遗留了东西，前台帮忙寄回来。非常满意。强烈推荐。,2021
971,酒店评论-1972,维也纳国际酒店(茂名万达广场店),有地下停车场，停车很方便。酒店位置就在路边，距离万达广场不到一公里，很近。房间比较舒适，外卖也能送到门口。,2021
972,酒店评论-1973,茂名观海楼假日酒店,酒店各方面我非常满意，门口就是海边，酒店后面是停车场出入非常方便，酒店卫生，服务态度非常好，强烈推荐我的朋友们来住,2021
973,酒店评论-1974,茂名观海楼假日酒店,服务好，房间干净整洁，门口沙滩方便，酒店有自己的停车场，酒店有免费停车票，推荐哦，下次还会来！,2021
974,酒店评论-1975,轻住悦享酒店(茂名高铁南站店),还不错 没有早餐就不太行了哈 房间挺大的 前台服务态度也还好 还不错 没有早餐就不太行了哈 房间挺大的 前台服务态度也还好,2021
975,酒店评论-1976,华海酒店(茂名高铁站店),酒店环境不错哦！免费接送服务，免费糖水，免费洗衣服务很好，服务态度很热情很贴心，下次入住再到这家酒店  交通： 卫生： 环境： 服务： 【咖啡厅】 【快速入住退房】 【人气热搜】 【快速入住退房】,2021
976,酒店评论-1977,茂名万达广场雅斯特国际酒店,非常好的选择,2021
977,酒店评论-1978,华海酒店(茂名高铁站店),非常棒！！洗衣服：服务员上门领取烘干后再送回房间，解决了出差洗衣的烦恼，让我第二天就有干净整洁的衣服穿，早餐好吃，晚上有糖水， 服务特别好。推荐!,2021
978,酒店评论-1979,茂名御景国际大酒店,前台服务态度很奈斯 早餐还不错有本地的捞粉挺好吃的 还有游泳池可以免费游泳,2021
979,酒店评论-1980,茂名御景国际大酒店,交通便捷 停车位很多 还有2份早餐 感觉还不错 下次还来 卫生：不错 环境：不错 服务：不错,2021
980,酒店评论-1981,柏高酒店(茂名高铁站店),交通： 卫生： 环境： 服务： 【免费停车】 【茶室】 【人气热搜】 【免费停车】 【茶室】 【人气热搜】 【免费停车】,2021
981,酒店评论-1982,城市便捷酒店(茂名滨海新区电城店),非常适合接待朋友，服务很好，早餐也很好，周边很多美食，出行很方便,2021
982,酒店评论-1983,茂名君怡酒店,很好，很舒服，前台的态度很好，下次还来,2021
983,酒店评论-1984,城市便捷酒店(茂名学府店),位置不错，在学院附近，卫生干净,2021
984,酒店评论-1985,轻住悦享酒店(茂名高铁南站店),交通：方便，离高铁站好近 卫生：干净 环境：好 服务：好,2021
985,酒店评论-1986,精途酒店(茂名高铁火车站店),卫生：干净 环境：整洁 服务：完善  交通：方便,2021
986,酒店评论-1987,麗枫酒店(茂名电白万达广场店),酒店环境不错 都很好,2021
987,酒店评论-1988,柏曼酒店(茂名大道东汇城店),房间挺好的，卫生干净，带小孩方便，值得推荐,2021
988,酒店评论-1989,华海酒店(茂名高铁站店),酒店环境不错，交通方便 ，设备设施完善。 要坐高铁 ，所以选择了这家酒店 ，性价比高 ，有免费洗衣服烘干，免费高铁站接送，免费泡脚服务，总体来说挺不错的一家酒店 前台小姐姐服务态度真的挺不错的，大家可以去体验一下 ，下次还会继续选择这里！ 力荐！,2021
989,酒店评论-1990,华海酒店(茂名高铁站店),酒店地理位置非常好，距离茂名站10分钟车程。酒店方还提供了免费接站服务。酒店的前台服务态度也非常好。酒店还提供免费糖水，免费洗衣等贴心服务，非常值得推荐。,2021
990,酒店评论-1991,茂名观海楼假日酒店,好，下次还会来，推荐哦,2021
991,酒店评论-1992,城市便捷酒店(茂名学府店),干净了方便,2021
992,酒店评论-1993,茂名观海楼假日酒店,非常好，很方便，下次还过来观海楼住。,2021
993,酒店评论-1994,茂名观海楼假日酒店,卫生环境都很好，感觉很舒服,2021
994,酒店评论-1995,茂名观海楼假日酒店,酒店很近海边，门口走出去就是海边，酒店服务员态度非常好，办理入住快，很适合一家大小过来玩，景区内首推荐。,2021
995,酒店评论-1996,茂名观海楼假日酒店,酒店超级棒，下次还会入住，干净卫生，地理位置好，附近吃东西也方便，主要是前台小姐姐们热情服务贴心，非常满意,2021
996,酒店评论-1997,茂名观海楼假日酒店,服务态度好，工作人员热情！卫生干净，交通便利，下次去玩还会选择这家酒店！ 服务：态度好，工作人员热情！ 环境：环境优美！ 卫生：卫生干净！  交通：交通便利！ 【带娃爱住】 【迷人海景】,2021
997,酒店评论-1998,茂名观海楼假日酒店,挺不错的，靠海，有阳台，听着海浪声看着日落日出，非常享受，推荐，就是价格有点贵要400多，总体还行吧，前台服务挺好的。出门就可以区海边乐。,2021
998,酒店评论-1999,茂名御景国际大酒店,路过电白，在网上看到这家酒店，觉得不错就下单办理入住了，前台服务很好，很贴心，很有礼貌，酒店房间干净，值得推荐哦！,2021
999,酒店评论-2000,茂名观海楼假日酒店,趁假期收尾带孩子过来玩玩就开学了， 【带娃爱住】小孩喜欢，承诺了小孩，下次小孩放假还会过来玩，推荐哦,2021
1000,酒店评论-2001,茂名观海楼假日酒店,酒店位置很好，出去就是大海，房间卫生很好，前台的服务态度很好，有什么问都很有耐心的回，还有就喜欢他们酒店的海景房，坐在阳台上看着大海，吹着海吹超爽。,2021
1001,酒店评论-2002,华海酒店(茂名高铁站店),酒店环境整洁，房间布局堪称完美，优雅又不失情调，服务周到，酒店提供免费的糖水，免费休闲泡脚，让人无比舒心。给我营造了一种家的感觉，装修风格简洁，整体服务人员的素质也很高，不管是打扫，还是办理入住，都非常流畅，感觉很舒服。服务态度更是超级好。,2021
1002,酒店评论-2003,城市便捷酒店(茂名学府店),设施完善，服务热情，环境很好，交通便利,2021
1003,酒店评论-2004,麗枫酒店(茂名电白万达广场店),不错的一家酒店了，准确来说是一家连锁酒店，丽枫酒店，原来也是锦江旗下的，房间很大，床铺上布置了花瓣，看起来很不错，电视是投幕电视，可以看不少电影，音响效果很好，挺有感觉的，是不错的体验！还有早餐比较简单，因为疫情，都是送到房间，分量有点少，选择不多，也没有选择了，服务员还比较热情，本来应该有眼罩赠送的，居然用完了，有点可惜！,2021
1004,酒店评论-2005,茂名观海楼假日酒店,第一次去，朋友推荐的酒店，很好，下次小孩放假再过去，小孩喜欢玩海沙，酒店隔壁海鲜一条街，价格实惠，酒店的停车场挺大的，入住酒店还有出景区的停车票，可以省下停车费几十元。推荐哦！,2021
1005,酒店评论-2006,Q加·茂名大喜假日酒店,酒店环境很好空间很大，卫生很干净，老板很热情，周围很多吃的东西,2021
1006,酒店评论-2007,麗枫酒店(茂名电白万达广场店),酒店性价比很高，房间非常干净，服务也很周到，下次还会再选择这里的,2021
1007,酒店评论-2008,轻住悦享酒店(茂名高铁南站店),卫生：卫生干净 服务：态度女子,2021
1008,酒店评论-2009,凯里亚德酒店(茂名电白万达广场店),卫生：科技,2021
1009,酒店评论-2010,柏高酒店(茂名高铁站店),前台礼貌接待，客房干净舒适.,2021
1010,酒店评论-2011,凯里亚德酒店(茂名高铁站店),【人气热搜】这个酒店连续住了3个晚上，睡了酒店提供的价值600元枕头，让一个难入睡综合征的我好好的休息3个晚上。,2021
1011,酒店评论-2012,茂名御景国际大酒店,交通： 卫生： 环境： 服务： 【人气热搜】 【亲子设施】 【迷人海景】服务不错，房间还挺不错的，进去感觉很舒适，挺温馨的，值得体验一下吧，我没什么文化,2021
1012,酒店评论-2013,城市便捷酒店(茂名学府店),总体来说还是不错，就是考试涨价太多了,2021
1013,酒店评论-2014,茂名观海楼假日酒店,酒店设施、环境和卫生都不错，后面出来对面就是海边，非常方便。可惜当然台风靠近，封闭不能进入玩水。总共订了三间房，两种房型，很满意。 【迷人海景】 【带娃爱住】 【迷人海景】 【带娃爱住】 【带娃爱住】 【迷人海景】,2021
1014,酒店评论-2015,华海酒店(茂名高铁站店),酒店环境不错，免费洗衣服服务，免费接站服务，值得推荐一下。,2021
1015,酒店评论-2016,麗枫酒店(茂名电白万达广场店),服务态度好 不错不错,2021
1016,酒店评论-2017,城市便捷酒店(茂名学府店),挺好的 还有早餐,2021
1017,酒店评论-2018,轻住悦享酒店(茂名高铁南站店),再次入住，茂名定点的了，楼后面的停车场，四周交通便利，购物吃饭方便，对面有市场，去火车站也不远，干净卫生，7点半的早餐。,2021
1018,酒店评论-2019,凯里亚德酒店(茂名高铁站店),茂名凯里亚德酒店，是一家很不错的酒店，前台服务态度很好，房间很大，床上用品很舒服，卫生间干，湿分区，就是酒分两边，停车场小，车子进出不太方便。,2021
1019,酒店评论-2020,Q加·茂名大喜假日酒店,很好，经常住，非常推荐,2021
1020,酒店评论-2021,麗枫酒店(茂名电白万达广场店),服务态度很好 环境：很好 卫生：,2021
1021,酒店评论-2022,茂名御景国际大酒店,前台小姐姐服务很好，入住很愉快，环境卫生很好，下次还会选择这个酒店,2021
1022,酒店评论-2023,麗枫酒店(茂名电白万达广场店),非常不错 宾至如归的感觉 非常值得推荐,2021
1023,酒店评论-2024,Q加·茂名大喜假日酒店,服务可以啦,2021
1024,酒店评论-2025,麗枫酒店(茂名电白万达广场店),酒店应该比较新，服务挺好，还有免费洗衣服务，早餐送到房间，吃饭逛街方便,2021
1025,酒店评论-2026,Q加·茂名大喜假日酒店,服务态度很好，酒店舒服,2021
1026,酒店评论-2027,麗枫酒店(茂名电白万达广场店),连住两晚，到晏镜岭、架海灯塔分别40分钟，1小时20分钟。停车方便，设施尚可。前台服务不错。早晨送到房间， 环境： 服务：,2021
1027,酒店评论-2028,Q加·茂名大喜假日酒店,卫生好，前台服务非常热情,2021
1028,酒店评论-2029,Q加·茂名大喜假日酒店,是我出行住得性价比最高的酒店，空调不会对床吹，有电梯，周围吃的很多。,2021
1029,酒店评论-2030,华海酒店(茂名高铁站店),酒店环境不错，服务人员态度很好，免费洗衣服务，免费接站服务，值得推荐一下，下次再过来入住这家酒店,2021
1030,酒店评论-2031,华海酒店(茂名高铁站店),酒店地理位置优越，免费接站服务，免费洗衣服服务，免费糖水，值得推荐一下。,2021
1031,酒店评论-2032,茂名御景国际大酒店,卫生非常好，床很舒服，周边生活方便，酒店早餐好、服务好，服务好，交通方便，房间的大小适中，下次还会去住,2021
1032,酒店评论-2033,茂名观海楼假日酒店,环境很好，出门就是第一滩，卫生条件也不错，就是酒店设施有点陈旧。,2021
1033,酒店评论-2034,茂名观海楼假日酒店,酒店大门面朝大海，卫生设施都不错，很好,2021
1034,酒店评论-2035,Q加·茂名大喜假日酒店,酒店性价比很高，房间非常干净，服务也很周到，下次还会再选择这里的！,2021
1035,酒店评论-2036,城市便捷酒店(茂名学府店),可以非常棒,2021
1036,酒店评论-2037,茂名观海楼假日酒店,忘记拍照了，酒店设施不错，离沙滩近，停车方便，服务态度也很好，干净，卫生。唯一需要吐槽的是水壶煮水太久了，可能是年代久远,2021
1037,酒店评论-2038,城市便捷酒店(茂名学府店),干净卫生整洁,2021
1038,酒店评论-2039,轻住悦享酒店(茂名高铁南站店),不错的地方，早餐也不错,2021
1039,酒店评论-2040,柏高酒店(茂名高铁站店),很安静，位置就在客运站旁边，离高铁站也非常近。唯一不满意的是一开花洒先是播放一顿不知怎么形容的纯音乐，几分钟后声音变成了西边风的呼呼叫的声音，要是一个人真瘆得慌，关键还不能关掉！真不懂酒店怎么想的，换个抒情的纯音乐吧。,2021
1040,酒店评论-2041,茂名诚荟酒店,卫生好，安静,2021
1041,酒店评论-2042,麗枫酒店(茂名电白万达广场店),环境：优美，服务好,2021
1042,酒店评论-2043,轻住悦享酒店(茂名高铁南站店),住了三天，台风延误，续了两次酒店，位置方便、停车宽敞，旁边就有一个24小时的茶居解决吃饭问题，出行也都位置相合。,2021
1043,酒店评论-2044,轻住悦享酒店(茂名高铁南站店),这一下次连续住了五个晚上，本来想着短住空间小一点也没关系，当时间长了房间小还是会有压迫感的。配套设施很满意，宽敞的停车场，免费使用的洗衣房，真的为旅途中省了许多的麻烦。总体推荐。,2021
1044,酒店评论-2045,轻住悦享酒店(茂名高铁南站店),环境很好，服务态度好,2021
1045,酒店评论-2046,麗枫酒店(茂名水东店),隔音不好，上一层冲马桶声都能听见,2021
1046,酒店评论-2047,轻住悦享酒店(茂名高铁南站店),挺好的一个酒店，价格不贵还有免费的早餐供应，洗衣机热水独立卫生间一样不少，好评,2021
1047,酒店评论-2048,轻住悦享酒店(茂名高铁南站店),非常好一个酒店热情卫生很好早餐好吃停车场大非常便利,2021
1048,酒店评论-2049,城市便捷酒店(茂名学府店),停车方便，但近马路晚上有些嘈杂，送早餐。,2021
1049,酒店评论-2050,麗枫酒店(茂名电白万达广场店),服务态度不错，其实也蛮安静的，空间也够大，舒服！,2021
1050,酒店评论-2051,麗枫酒店(茂名电白万达广场店),交通：方便 环境：很好,2021
1051,酒店评论-2052,轻住悦享酒店(茂名高铁南站店),杠杠的，值得推荐，还有早餐送！建议订2床套房，感觉比三床得舒服！,2021
1052,酒店评论-2053,麗枫酒店(茂名水东店),期待下次过来 ，前台服务好，交通便利好，房间干净整洁，还有花茶很好喝，逛街特别近，装修风格高端，大堂香氛好闻 。,2021
1053,酒店评论-2054,茂名观海楼假日酒店,这个酒店地理位置特别好，设施也可以，房间室内空气质量有待提高,2021
1054,酒店评论-2055,麗枫酒店(茂名电白万达广场店),洗澡怎么能没有音乐，这是丽枫特色啊。空调一开就很臭霉味，照理说夏天不可能很久不开空调啊。服务态度是没的说的。,2021
1055,酒店评论-2056,麗枫酒店(茂名水东店),服务好 卫生：卫生干净,2021
1056,酒店评论-2057,麗枫酒店(茂名水东店),#交通便利，#设施装修新，尤其是装修风格整体也很喜欢，房间也无异味，房间也无异味，房间也有空气汽化器，并且还配备了薰衣草香薰，#前台服务很热情，并且还有免费的护手霜体验，尤其是进大堂办理入住时候，还有提供花茶和热毛巾，玫瑰花茶特别好喝，#办理入住快，效率高，#隔音好，虽然周围很多娱乐，但是拉上窗帘真的就是只属于自己的空间了。#位置繁华，停车方便。值得推荐，性价比很高。,2021
1057,酒店评论-2058,麗枫酒店(茂名电白万达广场店),新店，环境不错，前台服务员小姐姐很热情，点赞。,2021
1058,酒店评论-2059,轻住悦享酒店(茂名高铁南站店),各项指标都能满意！  交通：方便便捷高效快捷出行方便快捷！ 卫生：干净整洁有序美观大方得体卫生！ 环境：舒服清爽舒适透气！ 服务：态度相当好！,2021
1059,酒店评论-2060,城市便捷酒店(茂名学府店),还不错，就是拖鞋很臭,2021
1060,酒店评论-2061,麗枫酒店(茂名水东店),隔音非常好，关上窗听不见路边的声音。酒店房间的地方很宽阔同时热水也比较大，洗澡的时候比较舒适，另外酒店里面的电视也采用的是高清的液晶电视，晚上睡不着的时候可以享受跟私人影院一样的视觉效果。,2021
1061,酒店评论-2062,麗枫酒店(茂名水东店),环境优美，地理位置好，交通方便，房间舒适卫生，服务人员很热情，乐于提供各种帮助，早餐丰富。设施很人性化，网络高速信号好，窗外风景好。有特别的开床服务，房间小摆件的设计也很有特色。性价比不错，下次还要入住,2021
1062,酒店评论-2063,凯里亚德酒店(茂名高铁站店),环境非常的好，坐着特别舒服,2021
1063,酒店评论-2064,麗枫酒店(茂名水东店),环境优美，地理位置好，交通方便，房间舒适卫生，服务人员很热情，特别是前台小姐姐乐于提供各种帮助、前台有个百宝箱、有我喜欢香喷喷的花茶。设施很人性化，网络高速信号好，窗外风景好。性价比不错，下次还要入住,2021
1064,酒店评论-2065,城市便捷酒店(茂名学府店),酒店服务热情周到，城市便捷酒店管理好，我会一直坚信入住。,2021
1065,酒店评论-2066,轻住悦享酒店(茂名高铁南站店),快捷酒店，实惠方便，离高铁站很近，房间大小还算宽敞，挺干净，能配一次性拖鞋就更好了，公共拖鞋还是担心脚气等卫生问题。其他都还好，早餐还行吧,2021
1066,酒店评论-2067,麗枫酒店(茂名水东店),#服务前台接待员小贤服务热情，位置#交通便利，停车方便，前台还有免费的面膜和护手霜体验,2021
1067,酒店评论-2068,麗枫酒店(茂名水东店),干静温馨,2021
1068,酒店评论-2069,城市便捷酒店(茂名学府店),不错，干净方便,2021
1069,酒店评论-2070,华海酒店(茂名高铁站店),酒店附近有许多玩的吃的，很适合带小朋友一起来，有免费洗衣，夜宵，泡脚。环境是干净的，周边吃饭购物方便，这次入住体验非常不错，下次来还住这里，性价比高，服务很好，服务员很细心 房间大小合适，体验很不错，交通又方便，离高铁站近。吃饭附近许多，有停车场，附近商场许多，特别的方便，下次入住首选，,2021
1070,酒店评论-2071,轻住悦享酒店(茂名高铁南站店),房间很好卫生干净整洁很好高铁站旁边非常便利,2021
1071,酒店评论-2072,维也纳国际酒店(茂名高铁火车站店),002服务态度很好态度很好卫生干净卫生干净,2021
1072,酒店评论-2073,茂名海豚酒店,很不错的酒店,2021
1073,酒店评论-2074,轻住悦享酒店(茂名高铁南站店),好。挺舒服的，很干净，下次还来，,2021
1074,酒店评论-2075,麗枫酒店(茂名水东店),新开的酒店，设施设备全新，床品舒适，淋浴热水充足，卫生条件也很好，楼下吃饭，早茶都很方便，车子可以停在门口也有保安，很方便。,2021
1075,酒店评论-2076,城市便捷酒店(茂名学府店),房间比较小。,2021
1076,酒店评论-2077,麗枫酒店(茂名水东店),送表妹出嫁的婚房，房间布置超级满意。感谢前台贴身贴心的服务，使整个婚礼的策划活动圆满。完善。滴水不漏。从房间预订，布置婚房。预留接亲车队车位。到整个接亲流程。一个字，顺。表妹上车一刻，工作人员齐声祝贺。祝您幸福！表妹居然眼角泛起幸福的泪花。场面太感人了！感谢丽枫酒店的工作人员。你们太赞了。,2021
1077,酒店评论-2078,轻住悦享酒店(茂名高铁南站店),非常好早餐好吃卫生干净整洁很好前台很好热情高铁站旁边非常便利停车场免费的值得入住,2021
1078,酒店评论-2079,城市便捷酒店(茂名学府店),交通：有停车场 卫生：到位 环境：大部分可以 服务：不错,2021
1079,酒店评论-2080,轻住悦享酒店(茂名高铁南站店),每次去粤西地区，都选这家店，有停车场，早餐，前台服务员态度非常好，热情服务,2021
1080,酒店评论-2081,麗枫酒店(茂名水东店),交通：交通方便 卫生：干净 环境 非常舒适 服务：前台接待员非常热情,2021
1081,酒店评论-2082,麗枫酒店(茂名水东店),交通：很方便 卫生：很舒服住的 环境：很美 服务：特别好，我都给前台小姐姐好评，他们特别很好，笑容甜美,2021
1082,酒店评论-2083,麗枫酒店(茂名电白万达广场店),丽枫的早餐也很新鲜，营养也刚好，而且重点是可以送进客房，也很按时！服务是真的无可挑剔！性价比也高，升级的影音房一直都是坚果！很愉快能看电影，很开心的入住！  交通：就在市中心，很方便，停车也方便 卫生：很干净 环境：舒适 服务：很好,2021
1083,酒店评论-2084,轻住悦享酒店(茂名高铁南站店),住了五天，行  交通：方便 卫生：干净 环境：舒服 服务：好,2021
1084,酒店评论-2085,麗枫酒店(茂名电白万达广场店),很好的又帮我升级了影音房很好的前台小哥哥，这次用心拍了房间的照片供给大家参考一下，一边看电影，吃小零食，很好。  交通：非常方便 卫生：干净 环境：整体舒适 服务：服务还是依旧的好，热情,2021
1085,酒店评论-2086,麗枫酒店(茂名水东店),服务态度很好环境优美、这是很好的酒店,2021
1086,酒店评论-2087,麗枫酒店(茂名水东店),很满意，也很安静，舒适，服务很好，谢谢了,2021
1087,酒店评论-2088,茂名御景国际大酒店,是一家多功能的酒店，酒店大堂很气派，工作人员热情，帮忙拉行李到房间，免费停车，免费游泳和健身，价格实惠，房间设施齐全，住的舒适，不错的一家酒店，下次有机会再莅临,2021
1088,酒店评论-2089,凯里亚德酒店(茂名高铁站店),酒店位置和环境都不错，而且非常新！,2021
1089,酒店评论-2090,麗枫酒店(茂名电白万达广场店),kf 服务：客房服务态度好 很认真,2021
1090,酒店评论-2091,茂名观海楼假日酒店,酒店有专属停车场，停车方便，房间挺大，风景挺好，下楼就是沙滩,2021
1091,酒店评论-2092,茂名御景国际大酒店,酒店在电白来说比较高档环境还可以 出行方便  交通：方便停车免费停车挺好的 免费健身房可以游泳免费自助早餐虽然品种不是很多整体还不错服务也OK,2021
1092,酒店评论-2093,哈曼酒店(化州火车站店),服务卫生都挺好的3333下次过来再来,2021
